<?xml version="1.0" encoding="UTF-8" ?>
<!DOCTYPE mapper PUBLIC "-//mybatis.org//DTD Mapper 3.0//EN" "http://mybatis.org/dtd/mybatis-3-mapper.dtd" >
<mapper namespace="persistence.common.SelectMapper" >

  <select id="selectDispatchCadrePage" resultMap="persistence.dispatch.DispatchCadreMapper.BaseResultMap" parameterType="map" >
    select dc.* from base_dispatch_cadre dc, base_dispatch d, base_dispatch_type dt
    where dc.dispatch_id = d.id and  d.dispatch_type_id = dt.id
    <if test="dispatchId!=null">
      and d.id =#{dispatchId}
    </if>
    <if test="wayId!=null">
      and dc.way_id =#{wayId}
    </if>
    <if test="procedureId!=null">
      and dc.procedure_id =#{procedureId}
    </if>
    <if test="cadreId!=null">
    and dc.cadre_id =#{cadreId}
  </if>
    <if test="adminLevelId!=null">
      and dc.admin_level_id =#{adminLevelId}
    </if>
    <if test="unitId!=null">
      and dc.unit_id =#{unitId}
    </if>
    order by d.year desc, dt.sort_order desc, d.code desc, dc.type asc
  </select>
 <!-- <select id="selectCadrePassports" resultMap="persistence.PassportMapper.BaseResultMap" parameterType="map">
      select  p.* from abroad_passport p, base_meta_type mt where p.cadre_id=#{cadreId} and p.class_id=mt.id order by mt.sort_order desc
  </select>-->

  <!-- 以下是根据指定的排序规则，读取证件列表-->
  <sql id="where_selectPassportList">
    <where>
      <if test="cadreId!=null">
        and p.cadre_id =#{cadreId}
      </if>
      <if test="classId!=null">
        and p.class_id =#{classId}
      </if>
      <if test="code!=null">
        and p.code =#{code}
      </if>
      <if test="type!=null">
        and p.type =#{type}
      </if>
      <if test="safeBoxId!=null">
        <if test="safeBoxId==0">
          and p.safe_box_id is not null
        </if>
        <if test="safeBoxId!=0">
        and p.safe_box_id =#{safeBoxId}
          and (p.type=1 or (p.type=2 and p.cancel_confirm=0)) <!-- 集中保管或 未确认的取消集中保管，才在保险柜里-->
        </if>
      </if>
      <if test="cancelConfirm!=null">
        and p.cancel_confirm =#{cancelConfirm}
      </if>
      and p.cadre_id=c.id and p.class_id=mt.id
    </where>
  </sql>
  <select id="selectPassportList" resultMap="persistence.abroad.PassportMapper.BaseResultMap" parameterType="map">
    select  p.* from abroad_passport p, base_cadre c, base_meta_type mt
    <include refid="where_selectPassportList"/>
    order by
      <if test="type==1">
          c.status asc,
      </if>
      c.sort_order desc, mt.sort_order desc
  </select>

  <select id="countPassport" parameterType="map" resultType="java.lang.Integer" >
    select  count(p.id) from abroad_passport p, base_cadre c, base_meta_type mt
    <include refid="where_selectPassportList"/>
  </select>

  <!-- 以下是有审核权限的干部读取因私出访申请列表， 分为待审批、已审批-->
  <sql id="Where_selectNotApproval" >
    where
    <if test="approverTypeUnitIdListMap == null and approverTypePostIdListMap == null">
     aas.id=-1
    </if>
    <if test="approverTypeUnitIdListMap != null || approverTypePostIdListMap != null">
      aas.cadre_id=bc.id and aas.status=1 and aas.is_finish=0 and (
    <if test="approverTypeUnitIdListMap != null"> <!--当前审批身份为本单位正职，则查询当前操作人所属单位可以审批的记录-->
      <foreach collection="approverTypeUnitIdListMap" index="approverTypeId" item="unitIdList" separator="or">
        ( aas.flow_node = #{approverTypeId} and bc.unit_id in
        <foreach collection="unitIdList" item="unitId" separator="," open="(" close=")">
          #{unitId}
        </foreach>
        )
      </foreach>
    </if>
    <if test="approverTypePostIdListMap != null">
      <if test="approverTypeUnitIdListMap != null"> or </if> <!--根据后台设定的审批身份顺序，则查询当前操作人的职务属性所属身份可以审批的记录-->
      <foreach collection="approverTypePostIdListMap" index="approverTypeId" item="postIdList" separator="or">
        (aas.flow_node = #{approverTypeId} and bc.post_id in
        <foreach collection="postIdList" item="postId" separator="," open="(" close=")">
          #{postId}
        </foreach>
        )
      </foreach>
    </if>
      )
    </if>
      <if test="searchBean!=null">
          <if test="searchBean.cadreId!=null">
              and aas.cadre_id=#{searchBean.cadreId}
          </if>
          <if test="searchBean.type!=null">
              and aas.type=#{searchBean.type}
          </if>
          <if test="searchBean.applyDateStart!=null">
              and aas.apply_date>=#{searchBean.applyDateStart}
          </if>
          <if test="searchBean.applyDateEnd!=null">
              and aas.apply_date<![CDATA[<=]]>#{searchBean.applyDateEnd}
          </if>
      </if>
 </sql>
  <!--待审批-->
  <select id="selectNotApprovalList" resultMap="persistence.abroad.ApplySelfMapper.BaseResultMap" parameterType="map">
    select aas.* from abroad_apply_self aas, base_cadre bc
    <include refid="Where_selectNotApproval" />
    order by aas.create_time desc
  </select>
  <select id="countNotApproval" parameterType="map" resultType="java.lang.Integer" >
    select count(aas.id) from abroad_apply_self aas, base_cadre bc
    <include refid="Where_selectNotApproval" />
  </select>
  <sql id="Where_hasApprovalList">
    where aas.cadre_id=bc.id  and aas.status=1
    and (
    concat(',',aas.flow_users,',') like '%,${flowUserId},%'
    <if test="approverTypeUnitIdListMap != null">
      or
      <foreach collection="approverTypeUnitIdListMap" index="approverTypeId" item="unitIdList" separator="or">
        ( concat(',',aas.flow_nodes,',') like '%,${approverTypeId},%' and bc.unit_id in
        <foreach collection="unitIdList" item="unitId" separator="," open="(" close=")">
          #{unitId}
        </foreach>
        )
      </foreach>
    </if>
    <if test="approverTypePostIdListMap != null">
      or
      <foreach collection="approverTypePostIdListMap" index="approverTypeId" item="postIdList" separator="or">
        (concat(',',aas.flow_nodes,',') like '%,${approverTypeId},%' and bc.post_id in
        <foreach collection="postIdList" item="postId" separator="," open="(" close=")">
          #{postId}
        </foreach>
        )
      </foreach>
    </if>
    )
      <if test="searchBean!=null">
          <if test="searchBean.cadreId!=null">
              and aas.cadre_id=#{searchBean.cadreId}
          </if>
          <if test="searchBean.type!=null">
              and aas.type=#{searchBean.type}
          </if>
          <if test="searchBean.applyDateStart!=null">
              and aas.apply_date>=#{searchBean.applyDateStart}
          </if>
          <if test="searchBean.applyDateEnd!=null">
              and aas.apply_date<![CDATA[<=]]>#{searchBean.applyDateEnd}
          </if>
      </if>
  </sql>
  <!-- 已审批 -->
  <select id="selectHasApprovalList" resultMap="persistence.abroad.ApplySelfMapper.BaseResultMap" parameterType="map">
    select aas.* from abroad_apply_self aas, base_cadre bc
    <include refid="Where_hasApprovalList" />
    order by aas.create_time desc
  </select>
  <select id="countHasApproval" parameterType="map" resultType="java.lang.Integer" >
    select count(aas.id) from abroad_apply_self aas, base_cadre bc
    <include refid="Where_hasApprovalList" />
  </select>

  <!-- 根据保险柜编号，读取统计 集中管理证件和未确认取消管理证件-->
  <select id="listSafeBoxs" resultType="bean.SafeBoxBean">
    /*select asb.id as id, asb.code as code, asb.remark as remark,
    count(ap.id) as totalCount, group_concat(bc.unit_id) as unitIds,
    sum(if(ap.type=1, 1, 0)) as keepCount from abroad_safe_box asb ,
    abroad_passport ap, base_cadre bc
    where ap.safe_box_id=asb.id and
    (ap.type=1 or (ap.type=2 and ap.cancel_confirm=0))
    and ap.cadre_id=bc.id
    group by asb.id order by asb.sort_order desc*/

    select asb.id as id, asb.code as code, asb.remark as remark,
    count(aap.id) as totalCount, group_concat(DISTINCT aap.unit_id) as unitIds,
    sum(if(aap.type=1, 1, 0)) as keepCount, asb.sort_order from abroad_safe_box asb

    left join

    (select ap.id, ap.safe_box_id, ap.type, bc.unit_id from abroad_passport ap , base_cadre bc
    where (ap.type=1 or (ap.type=2 and ap.cancel_confirm=0)) and ap.cadre_id=bc.id ) as aap

    on aap.safe_box_id=asb.id group by asb.id order by asb.sort_order desc
  </select>

  <select id="passportCount" resultType="java.lang.Integer">
    select count(ap.id) from abroad_passport ap where (ap.type=1 or (ap.type=2 and ap.cancel_confirm=0))
  </select>
    <!-- 证件的类型和状态统计-->
    <!-- 证件类型 数量 集中管理  丢失  作废  取消集中管理（未确认）-->
  <select id="passportStatByClass" resultType="bean.PassportStatByClassBean">
select ap.class_id as classId, count(*) as num, sum(if(ap.type=1, 1, 0)) as keepNum,
    sum(if(ap.type=3, 1, 0)) as lostNum, sum(if((<![CDATA[ap.type=2&&ap.cancel_type=3]]>), 1, 0)) as abolishNum,
    sum(if((<![CDATA[ap.type=2&&!ap.cancel_confirm]]>), 1, 0)) as unconfirmNum from abroad_passport ap, base_meta_type bmt where ap.class_id=bmt.id
    group by ap.class_id order by bmt.sort_order desc
  </select>
<!--集中管理证件库的借出情况统计-->
    <!-- 证件类型 集中管理  未借出 借出-->
<select id="passportStatByLent" resultType="bean.PassportStatByLentBean">
select ap.class_id as classId, count(ap.id) as num, sum(if(ap.is_lent, 1, 0)) as lentNum from abroad_passport ap,
 base_meta_type bmt where ap.type=1 and ap.class_id=bmt.id  group by ap.class_id  order by bmt.sort_order desc
</select>
    <!--集中管理证件库按照职务属性统计-->
    <!-- 职务属性  因私  港澳 台湾 合计-->
  <select id="passportStatByPost" resultType="bean.PassportStatByPostBean" parameterType="map">
    select bc.post_id as postId, count(*) as num, sum(if(class_id=#{selfPassportTypeId}, 1, 0)) as selfNum,
    sum(if(class_id=#{twPassportTypeId}, 1, 0)) as twNum from abroad_passport ap, base_cadre bc where
    ap.type=1 and ap.cadre_id = bc.id
    group by bc.post_id order by bc.sort_order desc
  </select>
</mapper>