{
    "processing":"处理中...",
    "lengthMenu":"显示 _MENU_ 项结果",
    "zeroRecords":"没有匹配结果",
    "info":"显示第 _START_ 至 _END_ 项结果，共 _TOTAL_ 项",
    "infoEmpty":"显示第 0 至 0 项结果，共 0 项",
    "infoFiltered":"(由 _MAX_ 项结果过滤)",
    "infoPostFix":"",
    "search":"搜索:",
    "emptyTable":"表中数据为空",
    "loadingRecords":"载入中...",
    "paginate":{
    "first":"首页",
        "previous":"上页",
        "next":"下页",
        "last":"末页"
},
    "aria":{
    "sortAscending":":以升序排列此列",
        "sortDescending":":以降序排列此列"
}
}
