<?xml version="1.0" encoding="UTF-8" ?>
<!DOCTYPE mapper PUBLIC "-//mybatis.org//DTD Mapper 3.0//EN" "http://mybatis.org/dtd/mybatis-3-mapper.dtd" >
<mapper namespace="persistence.cadre.CadreUnderEduMapper" >
  <resultMap id="BaseResultMap" type="domain.cadre.CadreUnderEdu" >
    <id column="id" property="id" jdbcType="INTEGER" />
    <result column="cadre_id" property="cadreId" jdbcType="INTEGER" />
    <result column="edu_id" property="eduId" jdbcType="INTEGER" />
    <result column="school" property="school" jdbcType="VARCHAR" />
    <result column="dep" property="dep" jdbcType="VARCHAR" />
    <result column="major" property="major" jdbcType="VARCHAR" />
    <result column="school_type" property="schoolType" jdbcType="TINYINT" />
    <result column="enrol_time" property="enrolTime" jdbcType="DATE" />
    <result column="learn_style" property="learnStyle" jdbcType="INTEGER" />
    <result column="remark" property="remark" jdbcType="VARCHAR" />
    <result column="sort_order" property="sortOrder" jdbcType="INTEGER" />
  </resultMap>
  <sql id="Example_Where_Clause" >
    <where >
      <foreach collection="oredCriteria" item="criteria" separator="or" >
        <if test="criteria.valid" >
          <trim prefix="(" suffix=")" prefixOverrides="and" >
            <foreach collection="criteria.criteria" item="criterion" >
              <choose >
                <when test="criterion.noValue" >
                  and ${criterion.condition}
                </when>
                <when test="criterion.singleValue" >
                  and ${criterion.condition} #{criterion.value}
                </when>
                <when test="criterion.betweenValue" >
                  and ${criterion.condition} #{criterion.value} and #{criterion.secondValue}
                </when>
                <when test="criterion.listValue" >
                  and ${criterion.condition}
                  <foreach collection="criterion.value" item="listItem" open="(" close=")" separator="," >
                    #{listItem}
                  </foreach>
                </when>
              </choose>
            </foreach>
          </trim>
        </if>
      </foreach>
    </where>
  </sql>
  <sql id="Update_By_Example_Where_Clause" >
    <where >
      <foreach collection="example.oredCriteria" item="criteria" separator="or" >
        <if test="criteria.valid" >
          <trim prefix="(" suffix=")" prefixOverrides="and" >
            <foreach collection="criteria.criteria" item="criterion" >
              <choose >
                <when test="criterion.noValue" >
                  and ${criterion.condition}
                </when>
                <when test="criterion.singleValue" >
                  and ${criterion.condition} #{criterion.value}
                </when>
                <when test="criterion.betweenValue" >
                  and ${criterion.condition} #{criterion.value} and #{criterion.secondValue}
                </when>
                <when test="criterion.listValue" >
                  and ${criterion.condition}
                  <foreach collection="criterion.value" item="listItem" open="(" close=")" separator="," >
                    #{listItem}
                  </foreach>
                </when>
              </choose>
            </foreach>
          </trim>
        </if>
      </foreach>
    </where>
  </sql>
  <sql id="Base_Column_List" >
    id, cadre_id, edu_id, school, dep, major, school_type, enrol_time, learn_style, remark, 
    sort_order
  </sql>
  <select id="selectByExample" resultMap="BaseResultMap" parameterType="domain.cadre.CadreUnderEduExample" >
    select
    <if test="distinct" >
      distinct
    </if>
    <include refid="Base_Column_List" />
    from base_cadre_under_edu
    <if test="_parameter != null" >
      <include refid="Example_Where_Clause" />
    </if>
    <if test="orderByClause != null" >
      order by ${orderByClause}
    </if>
  </select>
  <select id="selectByPrimaryKey" resultMap="BaseResultMap" parameterType="java.lang.Integer" >
    select 
    <include refid="Base_Column_List" />
    from base_cadre_under_edu
    where id = #{id,jdbcType=INTEGER}
  </select>
  <delete id="deleteByPrimaryKey" parameterType="java.lang.Integer" >
    delete from base_cadre_under_edu
    where id = #{id,jdbcType=INTEGER}
  </delete>
  <delete id="deleteByExample" parameterType="domain.cadre.CadreUnderEduExample" >
    delete from base_cadre_under_edu
    <if test="_parameter != null" >
      <include refid="Example_Where_Clause" />
    </if>
  </delete>
  <insert id="insert" parameterType="domain.cadre.CadreUnderEdu" >
    insert into base_cadre_under_edu (id, cadre_id, edu_id, 
      school, dep, major, 
      school_type, enrol_time, learn_style, 
      remark, sort_order)
    values (#{id,jdbcType=INTEGER}, #{cadreId,jdbcType=INTEGER}, #{eduId,jdbcType=INTEGER}, 
      #{school,jdbcType=VARCHAR}, #{dep,jdbcType=VARCHAR}, #{major,jdbcType=VARCHAR}, 
      #{schoolType,jdbcType=TINYINT}, #{enrolTime,jdbcType=DATE}, #{learnStyle,jdbcType=INTEGER}, 
      #{remark,jdbcType=VARCHAR}, #{sortOrder,jdbcType=INTEGER})
  </insert>
  <insert id="insertSelective" parameterType="domain.cadre.CadreUnderEdu" >
    insert into base_cadre_under_edu
    <trim prefix="(" suffix=")" suffixOverrides="," >
      <if test="id != null" >
        id,
      </if>
      <if test="cadreId != null" >
        cadre_id,
      </if>
      <if test="eduId != null" >
        edu_id,
      </if>
      <if test="school != null" >
        school,
      </if>
      <if test="dep != null" >
        dep,
      </if>
      <if test="major != null" >
        major,
      </if>
      <if test="schoolType != null" >
        school_type,
      </if>
      <if test="enrolTime != null" >
        enrol_time,
      </if>
      <if test="learnStyle != null" >
        learn_style,
      </if>
      <if test="remark != null" >
        remark,
      </if>
      <if test="sortOrder != null" >
        sort_order,
      </if>
    </trim>
    <trim prefix="values (" suffix=")" suffixOverrides="," >
      <if test="id != null" >
        #{id,jdbcType=INTEGER},
      </if>
      <if test="cadreId != null" >
        #{cadreId,jdbcType=INTEGER},
      </if>
      <if test="eduId != null" >
        #{eduId,jdbcType=INTEGER},
      </if>
      <if test="school != null" >
        #{school,jdbcType=VARCHAR},
      </if>
      <if test="dep != null" >
        #{dep,jdbcType=VARCHAR},
      </if>
      <if test="major != null" >
        #{major,jdbcType=VARCHAR},
      </if>
      <if test="schoolType != null" >
        #{schoolType,jdbcType=TINYINT},
      </if>
      <if test="enrolTime != null" >
        #{enrolTime,jdbcType=DATE},
      </if>
      <if test="learnStyle != null" >
        #{learnStyle,jdbcType=INTEGER},
      </if>
      <if test="remark != null" >
        #{remark,jdbcType=VARCHAR},
      </if>
      <if test="sortOrder != null" >
        #{sortOrder,jdbcType=INTEGER},
      </if>
    </trim>
  </insert>
  <select id="countByExample" parameterType="domain.cadre.CadreUnderEduExample" resultType="java.lang.Integer" >
    select count(*) from base_cadre_under_edu
    <if test="_parameter != null" >
      <include refid="Example_Where_Clause" />
    </if>
  </select>
  <update id="updateByExampleSelective" parameterType="map" >
    update base_cadre_under_edu
    <set >
      <if test="record.id != null" >
        id = #{record.id,jdbcType=INTEGER},
      </if>
      <if test="record.cadreId != null" >
        cadre_id = #{record.cadreId,jdbcType=INTEGER},
      </if>
      <if test="record.eduId != null" >
        edu_id = #{record.eduId,jdbcType=INTEGER},
      </if>
      <if test="record.school != null" >
        school = #{record.school,jdbcType=VARCHAR},
      </if>
      <if test="record.dep != null" >
        dep = #{record.dep,jdbcType=VARCHAR},
      </if>
      <if test="record.major != null" >
        major = #{record.major,jdbcType=VARCHAR},
      </if>
      <if test="record.schoolType != null" >
        school_type = #{record.schoolType,jdbcType=TINYINT},
      </if>
      <if test="record.enrolTime != null" >
        enrol_time = #{record.enrolTime,jdbcType=DATE},
      </if>
      <if test="record.learnStyle != null" >
        learn_style = #{record.learnStyle,jdbcType=INTEGER},
      </if>
      <if test="record.remark != null" >
        remark = #{record.remark,jdbcType=VARCHAR},
      </if>
      <if test="record.sortOrder != null" >
        sort_order = #{record.sortOrder,jdbcType=INTEGER},
      </if>
    </set>
    <if test="_parameter != null" >
      <include refid="Update_By_Example_Where_Clause" />
    </if>
  </update>
  <update id="updateByExample" parameterType="map" >
    update base_cadre_under_edu
    set id = #{record.id,jdbcType=INTEGER},
      cadre_id = #{record.cadreId,jdbcType=INTEGER},
      edu_id = #{record.eduId,jdbcType=INTEGER},
      school = #{record.school,jdbcType=VARCHAR},
      dep = #{record.dep,jdbcType=VARCHAR},
      major = #{record.major,jdbcType=VARCHAR},
      school_type = #{record.schoolType,jdbcType=TINYINT},
      enrol_time = #{record.enrolTime,jdbcType=DATE},
      learn_style = #{record.learnStyle,jdbcType=INTEGER},
      remark = #{record.remark,jdbcType=VARCHAR},
      sort_order = #{record.sortOrder,jdbcType=INTEGER}
    <if test="_parameter != null" >
      <include refid="Update_By_Example_Where_Clause" />
    </if>
  </update>
  <update id="updateByPrimaryKeySelective" parameterType="domain.cadre.CadreUnderEdu" >
    update base_cadre_under_edu
    <set >
      <if test="cadreId != null" >
        cadre_id = #{cadreId,jdbcType=INTEGER},
      </if>
      <if test="eduId != null" >
        edu_id = #{eduId,jdbcType=INTEGER},
      </if>
      <if test="school != null" >
        school = #{school,jdbcType=VARCHAR},
      </if>
      <if test="dep != null" >
        dep = #{dep,jdbcType=VARCHAR},
      </if>
      <if test="major != null" >
        major = #{major,jdbcType=VARCHAR},
      </if>
      <if test="schoolType != null" >
        school_type = #{schoolType,jdbcType=TINYINT},
      </if>
      <if test="enrolTime != null" >
        enrol_time = #{enrolTime,jdbcType=DATE},
      </if>
      <if test="learnStyle != null" >
        learn_style = #{learnStyle,jdbcType=INTEGER},
      </if>
      <if test="remark != null" >
        remark = #{remark,jdbcType=VARCHAR},
      </if>
      <if test="sortOrder != null" >
        sort_order = #{sortOrder,jdbcType=INTEGER},
      </if>
    </set>
    where id = #{id,jdbcType=INTEGER}
  </update>
  <update id="updateByPrimaryKey" parameterType="domain.cadre.CadreUnderEdu" >
    update base_cadre_under_edu
    set cadre_id = #{cadreId,jdbcType=INTEGER},
      edu_id = #{eduId,jdbcType=INTEGER},
      school = #{school,jdbcType=VARCHAR},
      dep = #{dep,jdbcType=VARCHAR},
      major = #{major,jdbcType=VARCHAR},
      school_type = #{schoolType,jdbcType=TINYINT},
      enrol_time = #{enrolTime,jdbcType=DATE},
      learn_style = #{learnStyle,jdbcType=INTEGER},
      remark = #{remark,jdbcType=VARCHAR},
      sort_order = #{sortOrder,jdbcType=INTEGER}
    where id = #{id,jdbcType=INTEGER}
  </update>
  <select resultMap="BaseResultMap" parameterType="domain.cadre.CadreUnderEduExample" id="selectByExampleWithRowbounds" >
    select
    <if test="distinct" >
      distinct
    </if>
    <include refid="Base_Column_List" />
    from base_cadre_under_edu
    <if test="_parameter != null" >
      <include refid="Example_Where_Clause" />
    </if>
    <if test="orderByClause != null" >
      order by ${orderByClause}
    </if>
  </select>
</mapper>