<?xml version="1.0" encoding="UTF-8" ?>
<!DOCTYPE mapper PUBLIC "-//mybatis.org//DTD Mapper 3.0//EN" "http://mybatis.org/dtd/mybatis-3-mapper.dtd" >
<mapper namespace="persistence.cadre.CadrePaperMapper" >
  <resultMap id="BaseResultMap" type="domain.cadre.CadrePaper" >
    <id column="id" property="id" jdbcType="INTEGER" />
    <result column="cadre_id" property="cadreId" jdbcType="INTEGER" />
    <result column="pub_time" property="pubTime" jdbcType="DATE" />
    <result column="file_path" property="filePath" jdbcType="VARCHAR" />
    <result column="file_name" property="fileName" jdbcType="VARCHAR" />
  </resultMap>
  <sql id="Example_Where_Clause" >
    <where >
      <foreach collection="oredCriteria" item="criteria" separator="or" >
        <if test="criteria.valid" >
          <trim prefix="(" suffix=")" prefixOverrides="and" >
            <foreach collection="criteria.criteria" item="criterion" >
              <choose >
                <when test="criterion.noValue" >
                  and ${criterion.condition}
                </when>
                <when test="criterion.singleValue" >
                  and ${criterion.condition} #{criterion.value}
                </when>
                <when test="criterion.betweenValue" >
                  and ${criterion.condition} #{criterion.value} and #{criterion.secondValue}
                </when>
                <when test="criterion.listValue" >
                  and ${criterion.condition}
                  <foreach collection="criterion.value" item="listItem" open="(" close=")" separator="," >
                    #{listItem}
                  </foreach>
                </when>
              </choose>
            </foreach>
          </trim>
        </if>
      </foreach>
    </where>
  </sql>
  <sql id="Update_By_Example_Where_Clause" >
    <where >
      <foreach collection="example.oredCriteria" item="criteria" separator="or" >
        <if test="criteria.valid" >
          <trim prefix="(" suffix=")" prefixOverrides="and" >
            <foreach collection="criteria.criteria" item="criterion" >
              <choose >
                <when test="criterion.noValue" >
                  and ${criterion.condition}
                </when>
                <when test="criterion.singleValue" >
                  and ${criterion.condition} #{criterion.value}
                </when>
                <when test="criterion.betweenValue" >
                  and ${criterion.condition} #{criterion.value} and #{criterion.secondValue}
                </when>
                <when test="criterion.listValue" >
                  and ${criterion.condition}
                  <foreach collection="criterion.value" item="listItem" open="(" close=")" separator="," >
                    #{listItem}
                  </foreach>
                </when>
              </choose>
            </foreach>
          </trim>
        </if>
      </foreach>
    </where>
  </sql>
  <sql id="Base_Column_List" >
    id, cadre_id, pub_time, file_path, file_name
  </sql>
  <select id="selectByExample" resultMap="BaseResultMap" parameterType="domain.cadre.CadrePaperExample" >
    select
    <if test="distinct" >
      distinct
    </if>
    <include refid="Base_Column_List" />
    from base_cadre_paper
    <if test="_parameter != null" >
      <include refid="Example_Where_Clause" />
    </if>
    <if test="orderByClause != null" >
      order by ${orderByClause}
    </if>
  </select>
  <select id="selectByPrimaryKey" resultMap="BaseResultMap" parameterType="java.lang.Integer" >
    select 
    <include refid="Base_Column_List" />
    from base_cadre_paper
    where id = #{id,jdbcType=INTEGER}
  </select>
  <delete id="deleteByPrimaryKey" parameterType="java.lang.Integer" >
    delete from base_cadre_paper
    where id = #{id,jdbcType=INTEGER}
  </delete>
  <delete id="deleteByExample" parameterType="domain.cadre.CadrePaperExample" >
    delete from base_cadre_paper
    <if test="_parameter != null" >
      <include refid="Example_Where_Clause" />
    </if>
  </delete>
  <insert id="insert" parameterType="domain.cadre.CadrePaper" >
    insert into base_cadre_paper (id, cadre_id, pub_time, 
      file_path, file_name)
    values (#{id,jdbcType=INTEGER}, #{cadreId,jdbcType=INTEGER}, #{pubTime,jdbcType=DATE}, 
      #{filePath,jdbcType=VARCHAR}, #{fileName,jdbcType=VARCHAR})
  </insert>
  <insert id="insertSelective" parameterType="domain.cadre.CadrePaper" >
    insert into base_cadre_paper
    <trim prefix="(" suffix=")" suffixOverrides="," >
      <if test="id != null" >
        id,
      </if>
      <if test="cadreId != null" >
        cadre_id,
      </if>
      <if test="pubTime != null" >
        pub_time,
      </if>
      <if test="filePath != null" >
        file_path,
      </if>
      <if test="fileName != null" >
        file_name,
      </if>
    </trim>
    <trim prefix="values (" suffix=")" suffixOverrides="," >
      <if test="id != null" >
        #{id,jdbcType=INTEGER},
      </if>
      <if test="cadreId != null" >
        #{cadreId,jdbcType=INTEGER},
      </if>
      <if test="pubTime != null" >
        #{pubTime,jdbcType=DATE},
      </if>
      <if test="filePath != null" >
        #{filePath,jdbcType=VARCHAR},
      </if>
      <if test="fileName != null" >
        #{fileName,jdbcType=VARCHAR},
      </if>
    </trim>
  </insert>
  <select id="countByExample" parameterType="domain.cadre.CadrePaperExample" resultType="java.lang.Integer" >
    select count(*) from base_cadre_paper
    <if test="_parameter != null" >
      <include refid="Example_Where_Clause" />
    </if>
  </select>
  <update id="updateByExampleSelective" parameterType="map" >
    update base_cadre_paper
    <set >
      <if test="record.id != null" >
        id = #{record.id,jdbcType=INTEGER},
      </if>
      <if test="record.cadreId != null" >
        cadre_id = #{record.cadreId,jdbcType=INTEGER},
      </if>
      <if test="record.pubTime != null" >
        pub_time = #{record.pubTime,jdbcType=DATE},
      </if>
      <if test="record.filePath != null" >
        file_path = #{record.filePath,jdbcType=VARCHAR},
      </if>
      <if test="record.fileName != null" >
        file_name = #{record.fileName,jdbcType=VARCHAR},
      </if>
    </set>
    <if test="_parameter != null" >
      <include refid="Update_By_Example_Where_Clause" />
    </if>
  </update>
  <update id="updateByExample" parameterType="map" >
    update base_cadre_paper
    set id = #{record.id,jdbcType=INTEGER},
      cadre_id = #{record.cadreId,jdbcType=INTEGER},
      pub_time = #{record.pubTime,jdbcType=DATE},
      file_path = #{record.filePath,jdbcType=VARCHAR},
      file_name = #{record.fileName,jdbcType=VARCHAR}
    <if test="_parameter != null" >
      <include refid="Update_By_Example_Where_Clause" />
    </if>
  </update>
  <update id="updateByPrimaryKeySelective" parameterType="domain.cadre.CadrePaper" >
    update base_cadre_paper
    <set >
      <if test="cadreId != null" >
        cadre_id = #{cadreId,jdbcType=INTEGER},
      </if>
      <if test="pubTime != null" >
        pub_time = #{pubTime,jdbcType=DATE},
      </if>
      <if test="filePath != null" >
        file_path = #{filePath,jdbcType=VARCHAR},
      </if>
      <if test="fileName != null" >
        file_name = #{fileName,jdbcType=VARCHAR},
      </if>
    </set>
    where id = #{id,jdbcType=INTEGER}
  </update>
  <update id="updateByPrimaryKey" parameterType="domain.cadre.CadrePaper" >
    update base_cadre_paper
    set cadre_id = #{cadreId,jdbcType=INTEGER},
      pub_time = #{pubTime,jdbcType=DATE},
      file_path = #{filePath,jdbcType=VARCHAR},
      file_name = #{fileName,jdbcType=VARCHAR}
    where id = #{id,jdbcType=INTEGER}
  </update>
  <select resultMap="BaseResultMap" parameterType="domain.cadre.CadrePaperExample" id="selectByExampleWithRowbounds" >
    select
    <if test="distinct" >
      distinct
    </if>
    <include refid="Base_Column_List" />
    from base_cadre_paper
    <if test="_parameter != null" >
      <include refid="Example_Where_Clause" />
    </if>
    <if test="orderByClause != null" >
      order by ${orderByClause}
    </if>
  </select>
</mapper>