<?xml version="1.0" encoding="UTF-8" ?>
<!DOCTYPE mapper PUBLIC "-//mybatis.org//DTD Mapper 3.0//EN" "http://mybatis.org/dtd/mybatis-3-mapper.dtd" >
<mapper namespace="persistence.cadre.CadreBookMapper" >
  <resultMap id="BaseResultMap" type="domain.cadre.CadreBook" >
    <id column="id" property="id" jdbcType="INTEGER" />
    <result column="cadre_id" property="cadreId" jdbcType="INTEGER" />
    <result column="pub_time" property="pubTime" jdbcType="DATE" />
    <result column="name" property="name" jdbcType="VARCHAR" />
    <result column="type" property="type" jdbcType="VARCHAR" />
    <result column="publisher" property="publisher" jdbcType="VARCHAR" />
    <result column="remark" property="remark" jdbcType="VARCHAR" />
  </resultMap>
  <sql id="Example_Where_Clause" >
    <where >
      <foreach collection="oredCriteria" item="criteria" separator="or" >
        <if test="criteria.valid" >
          <trim prefix="(" suffix=")" prefixOverrides="and" >
            <foreach collection="criteria.criteria" item="criterion" >
              <choose >
                <when test="criterion.noValue" >
                  and ${criterion.condition}
                </when>
                <when test="criterion.singleValue" >
                  and ${criterion.condition} #{criterion.value}
                </when>
                <when test="criterion.betweenValue" >
                  and ${criterion.condition} #{criterion.value} and #{criterion.secondValue}
                </when>
                <when test="criterion.listValue" >
                  and ${criterion.condition}
                  <foreach collection="criterion.value" item="listItem" open="(" close=")" separator="," >
                    #{listItem}
                  </foreach>
                </when>
              </choose>
            </foreach>
          </trim>
        </if>
      </foreach>
    </where>
  </sql>
  <sql id="Update_By_Example_Where_Clause" >
    <where >
      <foreach collection="example.oredCriteria" item="criteria" separator="or" >
        <if test="criteria.valid" >
          <trim prefix="(" suffix=")" prefixOverrides="and" >
            <foreach collection="criteria.criteria" item="criterion" >
              <choose >
                <when test="criterion.noValue" >
                  and ${criterion.condition}
                </when>
                <when test="criterion.singleValue" >
                  and ${criterion.condition} #{criterion.value}
                </when>
                <when test="criterion.betweenValue" >
                  and ${criterion.condition} #{criterion.value} and #{criterion.secondValue}
                </when>
                <when test="criterion.listValue" >
                  and ${criterion.condition}
                  <foreach collection="criterion.value" item="listItem" open="(" close=")" separator="," >
                    #{listItem}
                  </foreach>
                </when>
              </choose>
            </foreach>
          </trim>
        </if>
      </foreach>
    </where>
  </sql>
  <sql id="Base_Column_List" >
    id, cadre_id, pub_time, name, type, publisher, remark
  </sql>
  <select id="selectByExample" resultMap="BaseResultMap" parameterType="domain.cadre.CadreBookExample" >
    select
    <if test="distinct" >
      distinct
    </if>
    <include refid="Base_Column_List" />
    from base_cadre_book
    <if test="_parameter != null" >
      <include refid="Example_Where_Clause" />
    </if>
    <if test="orderByClause != null" >
      order by ${orderByClause}
    </if>
  </select>
  <select id="selectByPrimaryKey" resultMap="BaseResultMap" parameterType="java.lang.Integer" >
    select 
    <include refid="Base_Column_List" />
    from base_cadre_book
    where id = #{id,jdbcType=INTEGER}
  </select>
  <delete id="deleteByPrimaryKey" parameterType="java.lang.Integer" >
    delete from base_cadre_book
    where id = #{id,jdbcType=INTEGER}
  </delete>
  <delete id="deleteByExample" parameterType="domain.cadre.CadreBookExample" >
    delete from base_cadre_book
    <if test="_parameter != null" >
      <include refid="Example_Where_Clause" />
    </if>
  </delete>
  <insert id="insert" parameterType="domain.cadre.CadreBook" >
    insert into base_cadre_book (id, cadre_id, pub_time, 
      name, type, publisher, 
      remark)
    values (#{id,jdbcType=INTEGER}, #{cadreId,jdbcType=INTEGER}, #{pubTime,jdbcType=DATE}, 
      #{name,jdbcType=VARCHAR}, #{type,jdbcType=VARCHAR}, #{publisher,jdbcType=VARCHAR}, 
      #{remark,jdbcType=VARCHAR})
  </insert>
  <insert id="insertSelective" parameterType="domain.cadre.CadreBook" >
    insert into base_cadre_book
    <trim prefix="(" suffix=")" suffixOverrides="," >
      <if test="id != null" >
        id,
      </if>
      <if test="cadreId != null" >
        cadre_id,
      </if>
      <if test="pubTime != null" >
        pub_time,
      </if>
      <if test="name != null" >
        name,
      </if>
      <if test="type != null" >
        type,
      </if>
      <if test="publisher != null" >
        publisher,
      </if>
      <if test="remark != null" >
        remark,
      </if>
    </trim>
    <trim prefix="values (" suffix=")" suffixOverrides="," >
      <if test="id != null" >
        #{id,jdbcType=INTEGER},
      </if>
      <if test="cadreId != null" >
        #{cadreId,jdbcType=INTEGER},
      </if>
      <if test="pubTime != null" >
        #{pubTime,jdbcType=DATE},
      </if>
      <if test="name != null" >
        #{name,jdbcType=VARCHAR},
      </if>
      <if test="type != null" >
        #{type,jdbcType=VARCHAR},
      </if>
      <if test="publisher != null" >
        #{publisher,jdbcType=VARCHAR},
      </if>
      <if test="remark != null" >
        #{remark,jdbcType=VARCHAR},
      </if>
    </trim>
  </insert>
  <select id="countByExample" parameterType="domain.cadre.CadreBookExample" resultType="java.lang.Integer" >
    select count(*) from base_cadre_book
    <if test="_parameter != null" >
      <include refid="Example_Where_Clause" />
    </if>
  </select>
  <update id="updateByExampleSelective" parameterType="map" >
    update base_cadre_book
    <set >
      <if test="record.id != null" >
        id = #{record.id,jdbcType=INTEGER},
      </if>
      <if test="record.cadreId != null" >
        cadre_id = #{record.cadreId,jdbcType=INTEGER},
      </if>
      <if test="record.pubTime != null" >
        pub_time = #{record.pubTime,jdbcType=DATE},
      </if>
      <if test="record.name != null" >
        name = #{record.name,jdbcType=VARCHAR},
      </if>
      <if test="record.type != null" >
        type = #{record.type,jdbcType=VARCHAR},
      </if>
      <if test="record.publisher != null" >
        publisher = #{record.publisher,jdbcType=VARCHAR},
      </if>
      <if test="record.remark != null" >
        remark = #{record.remark,jdbcType=VARCHAR},
      </if>
    </set>
    <if test="_parameter != null" >
      <include refid="Update_By_Example_Where_Clause" />
    </if>
  </update>
  <update id="updateByExample" parameterType="map" >
    update base_cadre_book
    set id = #{record.id,jdbcType=INTEGER},
      cadre_id = #{record.cadreId,jdbcType=INTEGER},
      pub_time = #{record.pubTime,jdbcType=DATE},
      name = #{record.name,jdbcType=VARCHAR},
      type = #{record.type,jdbcType=VARCHAR},
      publisher = #{record.publisher,jdbcType=VARCHAR},
      remark = #{record.remark,jdbcType=VARCHAR}
    <if test="_parameter != null" >
      <include refid="Update_By_Example_Where_Clause" />
    </if>
  </update>
  <update id="updateByPrimaryKeySelective" parameterType="domain.cadre.CadreBook" >
    update base_cadre_book
    <set >
      <if test="cadreId != null" >
        cadre_id = #{cadreId,jdbcType=INTEGER},
      </if>
      <if test="pubTime != null" >
        pub_time = #{pubTime,jdbcType=DATE},
      </if>
      <if test="name != null" >
        name = #{name,jdbcType=VARCHAR},
      </if>
      <if test="type != null" >
        type = #{type,jdbcType=VARCHAR},
      </if>
      <if test="publisher != null" >
        publisher = #{publisher,jdbcType=VARCHAR},
      </if>
      <if test="remark != null" >
        remark = #{remark,jdbcType=VARCHAR},
      </if>
    </set>
    where id = #{id,jdbcType=INTEGER}
  </update>
  <update id="updateByPrimaryKey" parameterType="domain.cadre.CadreBook" >
    update base_cadre_book
    set cadre_id = #{cadreId,jdbcType=INTEGER},
      pub_time = #{pubTime,jdbcType=DATE},
      name = #{name,jdbcType=VARCHAR},
      type = #{type,jdbcType=VARCHAR},
      publisher = #{publisher,jdbcType=VARCHAR},
      remark = #{remark,jdbcType=VARCHAR}
    where id = #{id,jdbcType=INTEGER}
  </update>
  <select resultMap="BaseResultMap" parameterType="domain.cadre.CadreBookExample" id="selectByExampleWithRowbounds" >
    select
    <if test="distinct" >
      distinct
    </if>
    <include refid="Base_Column_List" />
    from base_cadre_book
    <if test="_parameter != null" >
      <include refid="Example_Where_Clause" />
    </if>
    <if test="orderByClause != null" >
      order by ${orderByClause}
    </if>
  </select>
</mapper>