<?xml version="1.0" encoding="UTF-8" ?>
<!DOCTYPE mapper PUBLIC "-//mybatis.org//DTD Mapper 3.0//EN" "http://mybatis.org/dtd/mybatis-3-mapper.dtd" >
<mapper namespace="persistence.cadre.CadreViewMapper" >
  <resultMap id="BaseResultMap" type="domain.cadre.CadreView" >
    <result column="id" property="id" jdbcType="INTEGER" />
    <result column="user_id" property="userId" jdbcType="INTEGER" />
    <result column="type_id" property="typeId" jdbcType="INTEGER" />
    <result column="post_id" property="postId" jdbcType="INTEGER" />
    <result column="unit_id" property="unitId" jdbcType="INTEGER" />
    <result column="title" property="title" jdbcType="VARCHAR" />
    <result column="post" property="post" jdbcType="VARCHAR" />
    <result column="remark" property="remark" jdbcType="VARCHAR" />
    <result column="sort_order" property="sortOrder" jdbcType="INTEGER" />
    <result column="status" property="status" jdbcType="TINYINT" />
    <result column="mobile" property="mobile" jdbcType="VARCHAR" />
    <result column="office_phone" property="officePhone" jdbcType="VARCHAR" />
    <result column="home_phone" property="homePhone" jdbcType="VARCHAR" />
    <result column="email" property="email" jdbcType="VARCHAR" />
  </resultMap>
  <sql id="Example_Where_Clause" >
    <where >
      <foreach collection="oredCriteria" item="criteria" separator="or" >
        <if test="criteria.valid" >
          <trim prefix="(" suffix=")" prefixOverrides="and" >
            <foreach collection="criteria.criteria" item="criterion" >
              <choose >
                <when test="criterion.noValue" >
                  and ${criterion.condition}
                </when>
                <when test="criterion.singleValue" >
                  and ${criterion.condition} #{criterion.value}
                </when>
                <when test="criterion.betweenValue" >
                  and ${criterion.condition} #{criterion.value} and #{criterion.secondValue}
                </when>
                <when test="criterion.listValue" >
                  and ${criterion.condition}
                  <foreach collection="criterion.value" item="listItem" open="(" close=")" separator="," >
                    #{listItem}
                  </foreach>
                </when>
              </choose>
            </foreach>
          </trim>
        </if>
      </foreach>
    </where>
  </sql>
  <sql id="Update_By_Example_Where_Clause" >
    <where >
      <foreach collection="example.oredCriteria" item="criteria" separator="or" >
        <if test="criteria.valid" >
          <trim prefix="(" suffix=")" prefixOverrides="and" >
            <foreach collection="criteria.criteria" item="criterion" >
              <choose >
                <when test="criterion.noValue" >
                  and ${criterion.condition}
                </when>
                <when test="criterion.singleValue" >
                  and ${criterion.condition} #{criterion.value}
                </when>
                <when test="criterion.betweenValue" >
                  and ${criterion.condition} #{criterion.value} and #{criterion.secondValue}
                </when>
                <when test="criterion.listValue" >
                  and ${criterion.condition}
                  <foreach collection="criterion.value" item="listItem" open="(" close=")" separator="," >
                    #{listItem}
                  </foreach>
                </when>
              </choose>
            </foreach>
          </trim>
        </if>
      </foreach>
    </where>
  </sql>
  <sql id="Base_Column_List" >
    id, user_id, type_id, post_id, unit_id, title, post, remark, sort_order, status, 
    mobile, office_phone, home_phone, email
  </sql>
  <select id="selectByExample" resultMap="BaseResultMap" parameterType="domain.cadre.CadreViewExample" >
    select
    <if test="distinct" >
      distinct
    </if>
    <include refid="Base_Column_List" />
    from base_cadre_view
    <if test="_parameter != null" >
      <include refid="Example_Where_Clause" />
    </if>
    <if test="orderByClause != null" >
      order by ${orderByClause}
    </if>
  </select>
  <delete id="deleteByExample" parameterType="domain.cadre.CadreViewExample" >
    delete from base_cadre_view
    <if test="_parameter != null" >
      <include refid="Example_Where_Clause" />
    </if>
  </delete>
  <insert id="insert" parameterType="domain.cadre.CadreView" >
    insert into base_cadre_view (id, user_id, type_id, 
      post_id, unit_id, title, 
      post, remark, sort_order, 
      status, mobile, office_phone, 
      home_phone, email)
    values (#{id,jdbcType=INTEGER}, #{userId,jdbcType=INTEGER}, #{typeId,jdbcType=INTEGER}, 
      #{postId,jdbcType=INTEGER}, #{unitId,jdbcType=INTEGER}, #{title,jdbcType=VARCHAR}, 
      #{post,jdbcType=VARCHAR}, #{remark,jdbcType=VARCHAR}, #{sortOrder,jdbcType=INTEGER}, 
      #{status,jdbcType=TINYINT}, #{mobile,jdbcType=VARCHAR}, #{officePhone,jdbcType=VARCHAR}, 
      #{homePhone,jdbcType=VARCHAR}, #{email,jdbcType=VARCHAR})
  </insert>
  <insert id="insertSelective" parameterType="domain.cadre.CadreView" >
    insert into base_cadre_view
    <trim prefix="(" suffix=")" suffixOverrides="," >
      <if test="id != null" >
        id,
      </if>
      <if test="userId != null" >
        user_id,
      </if>
      <if test="typeId != null" >
        type_id,
      </if>
      <if test="postId != null" >
        post_id,
      </if>
      <if test="unitId != null" >
        unit_id,
      </if>
      <if test="title != null" >
        title,
      </if>
      <if test="post != null" >
        post,
      </if>
      <if test="remark != null" >
        remark,
      </if>
      <if test="sortOrder != null" >
        sort_order,
      </if>
      <if test="status != null" >
        status,
      </if>
      <if test="mobile != null" >
        mobile,
      </if>
      <if test="officePhone != null" >
        office_phone,
      </if>
      <if test="homePhone != null" >
        home_phone,
      </if>
      <if test="email != null" >
        email,
      </if>
    </trim>
    <trim prefix="values (" suffix=")" suffixOverrides="," >
      <if test="id != null" >
        #{id,jdbcType=INTEGER},
      </if>
      <if test="userId != null" >
        #{userId,jdbcType=INTEGER},
      </if>
      <if test="typeId != null" >
        #{typeId,jdbcType=INTEGER},
      </if>
      <if test="postId != null" >
        #{postId,jdbcType=INTEGER},
      </if>
      <if test="unitId != null" >
        #{unitId,jdbcType=INTEGER},
      </if>
      <if test="title != null" >
        #{title,jdbcType=VARCHAR},
      </if>
      <if test="post != null" >
        #{post,jdbcType=VARCHAR},
      </if>
      <if test="remark != null" >
        #{remark,jdbcType=VARCHAR},
      </if>
      <if test="sortOrder != null" >
        #{sortOrder,jdbcType=INTEGER},
      </if>
      <if test="status != null" >
        #{status,jdbcType=TINYINT},
      </if>
      <if test="mobile != null" >
        #{mobile,jdbcType=VARCHAR},
      </if>
      <if test="officePhone != null" >
        #{officePhone,jdbcType=VARCHAR},
      </if>
      <if test="homePhone != null" >
        #{homePhone,jdbcType=VARCHAR},
      </if>
      <if test="email != null" >
        #{email,jdbcType=VARCHAR},
      </if>
    </trim>
  </insert>
  <select id="countByExample" parameterType="domain.cadre.CadreViewExample" resultType="java.lang.Integer" >
    select count(*) from base_cadre_view
    <if test="_parameter != null" >
      <include refid="Example_Where_Clause" />
    </if>
  </select>
  <update id="updateByExampleSelective" parameterType="map" >
    update base_cadre_view
    <set >
      <if test="record.id != null" >
        id = #{record.id,jdbcType=INTEGER},
      </if>
      <if test="record.userId != null" >
        user_id = #{record.userId,jdbcType=INTEGER},
      </if>
      <if test="record.typeId != null" >
        type_id = #{record.typeId,jdbcType=INTEGER},
      </if>
      <if test="record.postId != null" >
        post_id = #{record.postId,jdbcType=INTEGER},
      </if>
      <if test="record.unitId != null" >
        unit_id = #{record.unitId,jdbcType=INTEGER},
      </if>
      <if test="record.title != null" >
        title = #{record.title,jdbcType=VARCHAR},
      </if>
      <if test="record.post != null" >
        post = #{record.post,jdbcType=VARCHAR},
      </if>
      <if test="record.remark != null" >
        remark = #{record.remark,jdbcType=VARCHAR},
      </if>
      <if test="record.sortOrder != null" >
        sort_order = #{record.sortOrder,jdbcType=INTEGER},
      </if>
      <if test="record.status != null" >
        status = #{record.status,jdbcType=TINYINT},
      </if>
      <if test="record.mobile != null" >
        mobile = #{record.mobile,jdbcType=VARCHAR},
      </if>
      <if test="record.officePhone != null" >
        office_phone = #{record.officePhone,jdbcType=VARCHAR},
      </if>
      <if test="record.homePhone != null" >
        home_phone = #{record.homePhone,jdbcType=VARCHAR},
      </if>
      <if test="record.email != null" >
        email = #{record.email,jdbcType=VARCHAR},
      </if>
    </set>
    <if test="_parameter != null" >
      <include refid="Update_By_Example_Where_Clause" />
    </if>
  </update>
  <update id="updateByExample" parameterType="map" >
    update base_cadre_view
    set id = #{record.id,jdbcType=INTEGER},
      user_id = #{record.userId,jdbcType=INTEGER},
      type_id = #{record.typeId,jdbcType=INTEGER},
      post_id = #{record.postId,jdbcType=INTEGER},
      unit_id = #{record.unitId,jdbcType=INTEGER},
      title = #{record.title,jdbcType=VARCHAR},
      post = #{record.post,jdbcType=VARCHAR},
      remark = #{record.remark,jdbcType=VARCHAR},
      sort_order = #{record.sortOrder,jdbcType=INTEGER},
      status = #{record.status,jdbcType=TINYINT},
      mobile = #{record.mobile,jdbcType=VARCHAR},
      office_phone = #{record.officePhone,jdbcType=VARCHAR},
      home_phone = #{record.homePhone,jdbcType=VARCHAR},
      email = #{record.email,jdbcType=VARCHAR}
    <if test="_parameter != null" >
      <include refid="Update_By_Example_Where_Clause" />
    </if>
  </update>
  <select resultMap="BaseResultMap" parameterType="domain.cadre.CadreViewExample" id="selectByExampleWithRowbounds" >
    select
    <if test="distinct" >
      distinct
    </if>
    <include refid="Base_Column_List" />
    from base_cadre_view
    <if test="_parameter != null" >
      <include refid="Example_Where_Clause" />
    </if>
    <if test="orderByClause != null" >
      order by ${orderByClause}
    </if>
  </select>
</mapper>