<?xml version="1.0" encoding="UTF-8" ?>
<!DOCTYPE mapper PUBLIC "-//mybatis.org//DTD Mapper 3.0//EN" "http://mybatis.org/dtd/mybatis-3-mapper.dtd" >
<mapper namespace="persistence.abroad.ApplySelfFileMapper" >
  <resultMap id="BaseResultMap" type="domain.abroad.ApplySelfFile" >
    <id column="id" property="id" jdbcType="INTEGER" />
    <result column="apply_id" property="applyId" jdbcType="INTEGER" />
    <result column="file_name" property="fileName" jdbcType="VARCHAR" />
    <result column="file_path" property="filePath" jdbcType="VARCHAR" />
    <result column="create_time" property="createTime" jdbcType="TIMESTAMP" />
  </resultMap>
  <sql id="Example_Where_Clause" >
    <where >
      <foreach collection="oredCriteria" item="criteria" separator="or" >
        <if test="criteria.valid" >
          <trim prefix="(" suffix=")" prefixOverrides="and" >
            <foreach collection="criteria.criteria" item="criterion" >
              <choose >
                <when test="criterion.noValue" >
                  and ${criterion.condition}
                </when>
                <when test="criterion.singleValue" >
                  and ${criterion.condition} #{criterion.value}
                </when>
                <when test="criterion.betweenValue" >
                  and ${criterion.condition} #{criterion.value} and #{criterion.secondValue}
                </when>
                <when test="criterion.listValue" >
                  and ${criterion.condition}
                  <foreach collection="criterion.value" item="listItem" open="(" close=")" separator="," >
                    #{listItem}
                  </foreach>
                </when>
              </choose>
            </foreach>
          </trim>
        </if>
      </foreach>
    </where>
  </sql>
  <sql id="Update_By_Example_Where_Clause" >
    <where >
      <foreach collection="example.oredCriteria" item="criteria" separator="or" >
        <if test="criteria.valid" >
          <trim prefix="(" suffix=")" prefixOverrides="and" >
            <foreach collection="criteria.criteria" item="criterion" >
              <choose >
                <when test="criterion.noValue" >
                  and ${criterion.condition}
                </when>
                <when test="criterion.singleValue" >
                  and ${criterion.condition} #{criterion.value}
                </when>
                <when test="criterion.betweenValue" >
                  and ${criterion.condition} #{criterion.value} and #{criterion.secondValue}
                </when>
                <when test="criterion.listValue" >
                  and ${criterion.condition}
                  <foreach collection="criterion.value" item="listItem" open="(" close=")" separator="," >
                    #{listItem}
                  </foreach>
                </when>
              </choose>
            </foreach>
          </trim>
        </if>
      </foreach>
    </where>
  </sql>
  <sql id="Base_Column_List" >
    id, apply_id, file_name, file_path, create_time
  </sql>
  <select id="selectByExample" resultMap="BaseResultMap" parameterType="domain.abroad.ApplySelfFileExample" >
    select
    <if test="distinct" >
      distinct
    </if>
    <include refid="Base_Column_List" />
    from abroad_apply_self_file
    <if test="_parameter != null" >
      <include refid="Example_Where_Clause" />
    </if>
    <if test="orderByClause != null" >
      order by ${orderByClause}
    </if>
  </select>
  <select id="selectByPrimaryKey" resultMap="BaseResultMap" parameterType="java.lang.Integer" >
    select 
    <include refid="Base_Column_List" />
    from abroad_apply_self_file
    where id = #{id,jdbcType=INTEGER}
  </select>
  <delete id="deleteByPrimaryKey" parameterType="java.lang.Integer" >
    delete from abroad_apply_self_file
    where id = #{id,jdbcType=INTEGER}
  </delete>
  <delete id="deleteByExample" parameterType="domain.abroad.ApplySelfFileExample" >
    delete from abroad_apply_self_file
    <if test="_parameter != null" >
      <include refid="Example_Where_Clause" />
    </if>
  </delete>
  <insert id="insert" parameterType="domain.abroad.ApplySelfFile" >
    insert into abroad_apply_self_file (id, apply_id, file_name, 
      file_path, create_time)
    values (#{id,jdbcType=INTEGER}, #{applyId,jdbcType=INTEGER}, #{fileName,jdbcType=VARCHAR}, 
      #{filePath,jdbcType=VARCHAR}, #{createTime,jdbcType=TIMESTAMP})
  </insert>
  <insert id="insertSelective" parameterType="domain.abroad.ApplySelfFile" >
    insert into abroad_apply_self_file
    <trim prefix="(" suffix=")" suffixOverrides="," >
      <if test="id != null" >
        id,
      </if>
      <if test="applyId != null" >
        apply_id,
      </if>
      <if test="fileName != null" >
        file_name,
      </if>
      <if test="filePath != null" >
        file_path,
      </if>
      <if test="createTime != null" >
        create_time,
      </if>
    </trim>
    <trim prefix="values (" suffix=")" suffixOverrides="," >
      <if test="id != null" >
        #{id,jdbcType=INTEGER},
      </if>
      <if test="applyId != null" >
        #{applyId,jdbcType=INTEGER},
      </if>
      <if test="fileName != null" >
        #{fileName,jdbcType=VARCHAR},
      </if>
      <if test="filePath != null" >
        #{filePath,jdbcType=VARCHAR},
      </if>
      <if test="createTime != null" >
        #{createTime,jdbcType=TIMESTAMP},
      </if>
    </trim>
  </insert>
  <select id="countByExample" parameterType="domain.abroad.ApplySelfFileExample" resultType="java.lang.Integer" >
    select count(*) from abroad_apply_self_file
    <if test="_parameter != null" >
      <include refid="Example_Where_Clause" />
    </if>
  </select>
  <update id="updateByExampleSelective" parameterType="map" >
    update abroad_apply_self_file
    <set >
      <if test="record.id != null" >
        id = #{record.id,jdbcType=INTEGER},
      </if>
      <if test="record.applyId != null" >
        apply_id = #{record.applyId,jdbcType=INTEGER},
      </if>
      <if test="record.fileName != null" >
        file_name = #{record.fileName,jdbcType=VARCHAR},
      </if>
      <if test="record.filePath != null" >
        file_path = #{record.filePath,jdbcType=VARCHAR},
      </if>
      <if test="record.createTime != null" >
        create_time = #{record.createTime,jdbcType=TIMESTAMP},
      </if>
    </set>
    <if test="_parameter != null" >
      <include refid="Update_By_Example_Where_Clause" />
    </if>
  </update>
  <update id="updateByExample" parameterType="map" >
    update abroad_apply_self_file
    set id = #{record.id,jdbcType=INTEGER},
      apply_id = #{record.applyId,jdbcType=INTEGER},
      file_name = #{record.fileName,jdbcType=VARCHAR},
      file_path = #{record.filePath,jdbcType=VARCHAR},
      create_time = #{record.createTime,jdbcType=TIMESTAMP}
    <if test="_parameter != null" >
      <include refid="Update_By_Example_Where_Clause" />
    </if>
  </update>
  <update id="updateByPrimaryKeySelective" parameterType="domain.abroad.ApplySelfFile" >
    update abroad_apply_self_file
    <set >
      <if test="applyId != null" >
        apply_id = #{applyId,jdbcType=INTEGER},
      </if>
      <if test="fileName != null" >
        file_name = #{fileName,jdbcType=VARCHAR},
      </if>
      <if test="filePath != null" >
        file_path = #{filePath,jdbcType=VARCHAR},
      </if>
      <if test="createTime != null" >
        create_time = #{createTime,jdbcType=TIMESTAMP},
      </if>
    </set>
    where id = #{id,jdbcType=INTEGER}
  </update>
  <update id="updateByPrimaryKey" parameterType="domain.abroad.ApplySelfFile" >
    update abroad_apply_self_file
    set apply_id = #{applyId,jdbcType=INTEGER},
      file_name = #{fileName,jdbcType=VARCHAR},
      file_path = #{filePath,jdbcType=VARCHAR},
      create_time = #{createTime,jdbcType=TIMESTAMP}
    where id = #{id,jdbcType=INTEGER}
  </update>
  <select resultMap="BaseResultMap" parameterType="domain.abroad.ApplySelfFileExample" id="selectByExampleWithRowbounds" >
    select
    <if test="distinct" >
      distinct
    </if>
    <include refid="Base_Column_List" />
    from abroad_apply_self_file
    <if test="_parameter != null" >
      <include refid="Example_Where_Clause" />
    </if>
    <if test="orderByClause != null" >
      order by ${orderByClause}
    </if>
  </select>
</mapper>