<?xml version="1.0" encoding="UTF-8" ?>
<!DOCTYPE mapper PUBLIC "-//mybatis.org//DTD Mapper 3.0//EN" "http://mybatis.org/dtd/mybatis-3-mapper.dtd" >
<mapper namespace="persistence.abroad.ApprovalLogMapper" >
  <resultMap id="BaseResultMap" type="domain.abroad.ApprovalLog" >
    <id column="id" property="id" jdbcType="INTEGER" />
    <result column="apply_id" property="applyId" jdbcType="INTEGER" />
    <result column="user_id" property="userId" jdbcType="INTEGER" />
    <result column="type_id" property="typeId" jdbcType="INTEGER" />
    <result column="od_type" property="odType" jdbcType="TINYINT" />
    <result column="status" property="status" jdbcType="BIT" />
    <result column="remark" property="remark" jdbcType="VARCHAR" />
    <result column="create_time" property="createTime" jdbcType="TIMESTAMP" />
    <result column="ip" property="ip" jdbcType="VARCHAR" />
  </resultMap>
  <sql id="Example_Where_Clause" >
    <where >
      <foreach collection="oredCriteria" item="criteria" separator="or" >
        <if test="criteria.valid" >
          <trim prefix="(" suffix=")" prefixOverrides="and" >
            <foreach collection="criteria.criteria" item="criterion" >
              <choose >
                <when test="criterion.noValue" >
                  and ${criterion.condition}
                </when>
                <when test="criterion.singleValue" >
                  and ${criterion.condition} #{criterion.value}
                </when>
                <when test="criterion.betweenValue" >
                  and ${criterion.condition} #{criterion.value} and #{criterion.secondValue}
                </when>
                <when test="criterion.listValue" >
                  and ${criterion.condition}
                  <foreach collection="criterion.value" item="listItem" open="(" close=")" separator="," >
                    #{listItem}
                  </foreach>
                </when>
              </choose>
            </foreach>
          </trim>
        </if>
      </foreach>
    </where>
  </sql>
  <sql id="Update_By_Example_Where_Clause" >
    <where >
      <foreach collection="example.oredCriteria" item="criteria" separator="or" >
        <if test="criteria.valid" >
          <trim prefix="(" suffix=")" prefixOverrides="and" >
            <foreach collection="criteria.criteria" item="criterion" >
              <choose >
                <when test="criterion.noValue" >
                  and ${criterion.condition}
                </when>
                <when test="criterion.singleValue" >
                  and ${criterion.condition} #{criterion.value}
                </when>
                <when test="criterion.betweenValue" >
                  and ${criterion.condition} #{criterion.value} and #{criterion.secondValue}
                </when>
                <when test="criterion.listValue" >
                  and ${criterion.condition}
                  <foreach collection="criterion.value" item="listItem" open="(" close=")" separator="," >
                    #{listItem}
                  </foreach>
                </when>
              </choose>
            </foreach>
          </trim>
        </if>
      </foreach>
    </where>
  </sql>
  <sql id="Base_Column_List" >
    id, apply_id, user_id, type_id, od_type, status, remark, create_time, ip
  </sql>
  <select id="selectByExample" resultMap="BaseResultMap" parameterType="domain.abroad.ApprovalLogExample" >
    select
    <if test="distinct" >
      distinct
    </if>
    <include refid="Base_Column_List" />
    from abroad_approval_log
    <if test="_parameter != null" >
      <include refid="Example_Where_Clause" />
    </if>
    <if test="orderByClause != null" >
      order by ${orderByClause}
    </if>
  </select>
  <select id="selectByPrimaryKey" resultMap="BaseResultMap" parameterType="java.lang.Integer" >
    select 
    <include refid="Base_Column_List" />
    from abroad_approval_log
    where id = #{id,jdbcType=INTEGER}
  </select>
  <delete id="deleteByPrimaryKey" parameterType="java.lang.Integer" >
    delete from abroad_approval_log
    where id = #{id,jdbcType=INTEGER}
  </delete>
  <delete id="deleteByExample" parameterType="domain.abroad.ApprovalLogExample" >
    delete from abroad_approval_log
    <if test="_parameter != null" >
      <include refid="Example_Where_Clause" />
    </if>
  </delete>
  <insert id="insert" parameterType="domain.abroad.ApprovalLog" >
    insert into abroad_approval_log (id, apply_id, user_id, 
      type_id, od_type, status, 
      remark, create_time, ip
      )
    values (#{id,jdbcType=INTEGER}, #{applyId,jdbcType=INTEGER}, #{userId,jdbcType=INTEGER}, 
      #{typeId,jdbcType=INTEGER}, #{odType,jdbcType=TINYINT}, #{status,jdbcType=BIT}, 
      #{remark,jdbcType=VARCHAR}, #{createTime,jdbcType=TIMESTAMP}, #{ip,jdbcType=VARCHAR}
      )
  </insert>
  <insert id="insertSelective" parameterType="domain.abroad.ApprovalLog" >
    insert into abroad_approval_log
    <trim prefix="(" suffix=")" suffixOverrides="," >
      <if test="id != null" >
        id,
      </if>
      <if test="applyId != null" >
        apply_id,
      </if>
      <if test="userId != null" >
        user_id,
      </if>
      <if test="typeId != null" >
        type_id,
      </if>
      <if test="odType != null" >
        od_type,
      </if>
      <if test="status != null" >
        status,
      </if>
      <if test="remark != null" >
        remark,
      </if>
      <if test="createTime != null" >
        create_time,
      </if>
      <if test="ip != null" >
        ip,
      </if>
    </trim>
    <trim prefix="values (" suffix=")" suffixOverrides="," >
      <if test="id != null" >
        #{id,jdbcType=INTEGER},
      </if>
      <if test="applyId != null" >
        #{applyId,jdbcType=INTEGER},
      </if>
      <if test="userId != null" >
        #{userId,jdbcType=INTEGER},
      </if>
      <if test="typeId != null" >
        #{typeId,jdbcType=INTEGER},
      </if>
      <if test="odType != null" >
        #{odType,jdbcType=TINYINT},
      </if>
      <if test="status != null" >
        #{status,jdbcType=BIT},
      </if>
      <if test="remark != null" >
        #{remark,jdbcType=VARCHAR},
      </if>
      <if test="createTime != null" >
        #{createTime,jdbcType=TIMESTAMP},
      </if>
      <if test="ip != null" >
        #{ip,jdbcType=VARCHAR},
      </if>
    </trim>
  </insert>
  <select id="countByExample" parameterType="domain.abroad.ApprovalLogExample" resultType="java.lang.Integer" >
    select count(*) from abroad_approval_log
    <if test="_parameter != null" >
      <include refid="Example_Where_Clause" />
    </if>
  </select>
  <update id="updateByExampleSelective" parameterType="map" >
    update abroad_approval_log
    <set >
      <if test="record.id != null" >
        id = #{record.id,jdbcType=INTEGER},
      </if>
      <if test="record.applyId != null" >
        apply_id = #{record.applyId,jdbcType=INTEGER},
      </if>
      <if test="record.userId != null" >
        user_id = #{record.userId,jdbcType=INTEGER},
      </if>
      <if test="record.typeId != null" >
        type_id = #{record.typeId,jdbcType=INTEGER},
      </if>
      <if test="record.odType != null" >
        od_type = #{record.odType,jdbcType=TINYINT},
      </if>
      <if test="record.status != null" >
        status = #{record.status,jdbcType=BIT},
      </if>
      <if test="record.remark != null" >
        remark = #{record.remark,jdbcType=VARCHAR},
      </if>
      <if test="record.createTime != null" >
        create_time = #{record.createTime,jdbcType=TIMESTAMP},
      </if>
      <if test="record.ip != null" >
        ip = #{record.ip,jdbcType=VARCHAR},
      </if>
    </set>
    <if test="_parameter != null" >
      <include refid="Update_By_Example_Where_Clause" />
    </if>
  </update>
  <update id="updateByExample" parameterType="map" >
    update abroad_approval_log
    set id = #{record.id,jdbcType=INTEGER},
      apply_id = #{record.applyId,jdbcType=INTEGER},
      user_id = #{record.userId,jdbcType=INTEGER},
      type_id = #{record.typeId,jdbcType=INTEGER},
      od_type = #{record.odType,jdbcType=TINYINT},
      status = #{record.status,jdbcType=BIT},
      remark = #{record.remark,jdbcType=VARCHAR},
      create_time = #{record.createTime,jdbcType=TIMESTAMP},
      ip = #{record.ip,jdbcType=VARCHAR}
    <if test="_parameter != null" >
      <include refid="Update_By_Example_Where_Clause" />
    </if>
  </update>
  <update id="updateByPrimaryKeySelective" parameterType="domain.abroad.ApprovalLog" >
    update abroad_approval_log
    <set >
      <if test="applyId != null" >
        apply_id = #{applyId,jdbcType=INTEGER},
      </if>
      <if test="userId != null" >
        user_id = #{userId,jdbcType=INTEGER},
      </if>
      <if test="typeId != null" >
        type_id = #{typeId,jdbcType=INTEGER},
      </if>
      <if test="odType != null" >
        od_type = #{odType,jdbcType=TINYINT},
      </if>
      <if test="status != null" >
        status = #{status,jdbcType=BIT},
      </if>
      <if test="remark != null" >
        remark = #{remark,jdbcType=VARCHAR},
      </if>
      <if test="createTime != null" >
        create_time = #{createTime,jdbcType=TIMESTAMP},
      </if>
      <if test="ip != null" >
        ip = #{ip,jdbcType=VARCHAR},
      </if>
    </set>
    where id = #{id,jdbcType=INTEGER}
  </update>
  <update id="updateByPrimaryKey" parameterType="domain.abroad.ApprovalLog" >
    update abroad_approval_log
    set apply_id = #{applyId,jdbcType=INTEGER},
      user_id = #{userId,jdbcType=INTEGER},
      type_id = #{typeId,jdbcType=INTEGER},
      od_type = #{odType,jdbcType=TINYINT},
      status = #{status,jdbcType=BIT},
      remark = #{remark,jdbcType=VARCHAR},
      create_time = #{createTime,jdbcType=TIMESTAMP},
      ip = #{ip,jdbcType=VARCHAR}
    where id = #{id,jdbcType=INTEGER}
  </update>
  <select resultMap="BaseResultMap" parameterType="domain.abroad.ApprovalLogExample" id="selectByExampleWithRowbounds" >
    select
    <if test="distinct" >
      distinct
    </if>
    <include refid="Base_Column_List" />
    from abroad_approval_log
    <if test="_parameter != null" >
      <include refid="Example_Where_Clause" />
    </if>
    <if test="orderByClause != null" >
      order by ${orderByClause}
    </if>
  </select>
</mapper>