<?xml version="1.0" encoding="UTF-8" ?>
<!DOCTYPE mapper PUBLIC "-//mybatis.org//DTD Mapper 3.0//EN" "http://mybatis.org/dtd/mybatis-3-mapper.dtd" >
<mapper namespace="persistence.abroad.ApprovalOrderMapper" >
  <resultMap id="BaseResultMap" type="domain.abroad.ApprovalOrder" >
    <id column="id" property="id" jdbcType="INTEGER" />
    <result column="applicat_type_id" property="applicatTypeId" jdbcType="INTEGER" />
    <result column="approver_type_id" property="approverTypeId" jdbcType="INTEGER" />
    <result column="sort_order" property="sortOrder" jdbcType="INTEGER" />
  </resultMap>
  <sql id="Example_Where_Clause" >
    <where >
      <foreach collection="oredCriteria" item="criteria" separator="or" >
        <if test="criteria.valid" >
          <trim prefix="(" suffix=")" prefixOverrides="and" >
            <foreach collection="criteria.criteria" item="criterion" >
              <choose >
                <when test="criterion.noValue" >
                  and ${criterion.condition}
                </when>
                <when test="criterion.singleValue" >
                  and ${criterion.condition} #{criterion.value}
                </when>
                <when test="criterion.betweenValue" >
                  and ${criterion.condition} #{criterion.value} and #{criterion.secondValue}
                </when>
                <when test="criterion.listValue" >
                  and ${criterion.condition}
                  <foreach collection="criterion.value" item="listItem" open="(" close=")" separator="," >
                    #{listItem}
                  </foreach>
                </when>
              </choose>
            </foreach>
          </trim>
        </if>
      </foreach>
    </where>
  </sql>
  <sql id="Update_By_Example_Where_Clause" >
    <where >
      <foreach collection="example.oredCriteria" item="criteria" separator="or" >
        <if test="criteria.valid" >
          <trim prefix="(" suffix=")" prefixOverrides="and" >
            <foreach collection="criteria.criteria" item="criterion" >
              <choose >
                <when test="criterion.noValue" >
                  and ${criterion.condition}
                </when>
                <when test="criterion.singleValue" >
                  and ${criterion.condition} #{criterion.value}
                </when>
                <when test="criterion.betweenValue" >
                  and ${criterion.condition} #{criterion.value} and #{criterion.secondValue}
                </when>
                <when test="criterion.listValue" >
                  and ${criterion.condition}
                  <foreach collection="criterion.value" item="listItem" open="(" close=")" separator="," >
                    #{listItem}
                  </foreach>
                </when>
              </choose>
            </foreach>
          </trim>
        </if>
      </foreach>
    </where>
  </sql>
  <sql id="Base_Column_List" >
    id, applicat_type_id, approver_type_id, sort_order
  </sql>
  <select id="selectByExample" resultMap="BaseResultMap" parameterType="domain.abroad.ApprovalOrderExample" >
    select
    <if test="distinct" >
      distinct
    </if>
    <include refid="Base_Column_List" />
    from abroad_approval_order
    <if test="_parameter != null" >
      <include refid="Example_Where_Clause" />
    </if>
    <if test="orderByClause != null" >
      order by ${orderByClause}
    </if>
  </select>
  <select id="selectByPrimaryKey" resultMap="BaseResultMap" parameterType="java.lang.Integer" >
    select 
    <include refid="Base_Column_List" />
    from abroad_approval_order
    where id = #{id,jdbcType=INTEGER}
  </select>
  <delete id="deleteByPrimaryKey" parameterType="java.lang.Integer" >
    delete from abroad_approval_order
    where id = #{id,jdbcType=INTEGER}
  </delete>
  <delete id="deleteByExample" parameterType="domain.abroad.ApprovalOrderExample" >
    delete from abroad_approval_order
    <if test="_parameter != null" >
      <include refid="Example_Where_Clause" />
    </if>
  </delete>
  <insert keyProperty="id" id="insert" parameterType="domain.abroad.ApprovalOrder" >
    insert into abroad_approval_order (id, applicat_type_id, approver_type_id, 
      sort_order)
    values (#{id,jdbcType=INTEGER}, #{applicatTypeId,jdbcType=INTEGER}, #{approverTypeId,jdbcType=INTEGER}, 
      #{sortOrder,jdbcType=INTEGER})
  </insert>
  <insert keyProperty="id" id="insertSelective" parameterType="domain.abroad.ApprovalOrder" >
    insert into abroad_approval_order
    <trim prefix="(" suffix=")" suffixOverrides="," >
      <if test="id != null" >
        id,
      </if>
      <if test="applicatTypeId != null" >
        applicat_type_id,
      </if>
      <if test="approverTypeId != null" >
        approver_type_id,
      </if>
      <if test="sortOrder != null" >
        sort_order,
      </if>
    </trim>
    <trim prefix="values (" suffix=")" suffixOverrides="," >
      <if test="id != null" >
        #{id,jdbcType=INTEGER},
      </if>
      <if test="applicatTypeId != null" >
        #{applicatTypeId,jdbcType=INTEGER},
      </if>
      <if test="approverTypeId != null" >
        #{approverTypeId,jdbcType=INTEGER},
      </if>
      <if test="sortOrder != null" >
        #{sortOrder,jdbcType=INTEGER},
      </if>
    </trim>
  </insert>
  <select id="countByExample" parameterType="domain.abroad.ApprovalOrderExample" resultType="java.lang.Integer" >
    select count(*) from abroad_approval_order
    <if test="_parameter != null" >
      <include refid="Example_Where_Clause" />
    </if>
  </select>
  <update id="updateByExampleSelective" parameterType="map" >
    update abroad_approval_order
    <set >
      <if test="record.id != null" >
        id = #{record.id,jdbcType=INTEGER},
      </if>
      <if test="record.applicatTypeId != null" >
        applicat_type_id = #{record.applicatTypeId,jdbcType=INTEGER},
      </if>
      <if test="record.approverTypeId != null" >
        approver_type_id = #{record.approverTypeId,jdbcType=INTEGER},
      </if>
      <if test="record.sortOrder != null" >
        sort_order = #{record.sortOrder,jdbcType=INTEGER},
      </if>
    </set>
    <if test="_parameter != null" >
      <include refid="Update_By_Example_Where_Clause" />
    </if>
  </update>
  <update id="updateByExample" parameterType="map" >
    update abroad_approval_order
    set id = #{record.id,jdbcType=INTEGER},
      applicat_type_id = #{record.applicatTypeId,jdbcType=INTEGER},
      approver_type_id = #{record.approverTypeId,jdbcType=INTEGER},
      sort_order = #{record.sortOrder,jdbcType=INTEGER}
    <if test="_parameter != null" >
      <include refid="Update_By_Example_Where_Clause" />
    </if>
  </update>
  <update id="updateByPrimaryKeySelective" parameterType="domain.abroad.ApprovalOrder" >
    update abroad_approval_order
    <set >
      <if test="applicatTypeId != null" >
        applicat_type_id = #{applicatTypeId,jdbcType=INTEGER},
      </if>
      <if test="approverTypeId != null" >
        approver_type_id = #{approverTypeId,jdbcType=INTEGER},
      </if>
      <if test="sortOrder != null" >
        sort_order = #{sortOrder,jdbcType=INTEGER},
      </if>
    </set>
    where id = #{id,jdbcType=INTEGER}
  </update>
  <update id="updateByPrimaryKey" parameterType="domain.abroad.ApprovalOrder" >
    update abroad_approval_order
    set applicat_type_id = #{applicatTypeId,jdbcType=INTEGER},
      approver_type_id = #{approverTypeId,jdbcType=INTEGER},
      sort_order = #{sortOrder,jdbcType=INTEGER}
    where id = #{id,jdbcType=INTEGER}
  </update>
  <select resultMap="BaseResultMap" parameterType="domain.abroad.ApprovalOrderExample" id="selectByExampleWithRowbounds" >
    select
    <if test="distinct" >
      distinct
    </if>
    <include refid="Base_Column_List" />
    from abroad_approval_order
    <if test="_parameter != null" >
      <include refid="Example_Where_Clause" />
    </if>
    <if test="orderByClause != null" >
      order by ${orderByClause}
    </if>
  </select>
</mapper>