<?xml version="1.0" encoding="UTF-8" ?>
<!DOCTYPE mapper PUBLIC "-//mybatis.org//DTD Mapper 3.0//EN" "http://mybatis.org/dtd/mybatis-3-mapper.dtd" >
<mapper namespace="persistence.abroad.PassportDrawMapper" >
  <resultMap id="BaseResultMap" type="domain.abroad.PassportDraw" >
    <id column="id" property="id" jdbcType="INTEGER" />
    <result column="cadre_id" property="cadreId" jdbcType="INTEGER" />
    <result column="type" property="type" jdbcType="TINYINT" />
    <result column="apply_id" property="applyId" jdbcType="INTEGER" />
    <result column="passport_id" property="passportId" jdbcType="INTEGER" />
    <result column="apply_date" property="applyDate" jdbcType="DATE" />
    <result column="start_date" property="startDate" jdbcType="DATE" />
    <result column="end_date" property="endDate" jdbcType="DATE" />
    <result column="reason" property="reason" jdbcType="VARCHAR" />
    <result column="cost_source" property="costSource" jdbcType="VARCHAR" />
    <result column="need_sign" property="needSign" jdbcType="BIT" />
    <result column="remark" property="remark" jdbcType="VARCHAR" />
    <result column="use_type" property="useType" jdbcType="TINYINT" />
    <result column="create_time" property="createTime" jdbcType="TIMESTAMP" />
    <result column="ip" property="ip" jdbcType="VARCHAR" />
    <result column="status" property="status" jdbcType="TINYINT" />
    <result column="user_id" property="userId" jdbcType="INTEGER" />
    <result column="approve_remark" property="approveRemark" jdbcType="VARCHAR" />
    <result column="approve_time" property="approveTime" jdbcType="TIMESTAMP" />
    <result column="approve_ip" property="approveIp" jdbcType="VARCHAR" />
    <result column="real_start_date" property="realStartDate" jdbcType="DATE" />
    <result column="real_end_date" property="realEndDate" jdbcType="DATE" />
    <result column="real_to_country" property="realToCountry" jdbcType="VARCHAR" />
    <result column="return_date" property="returnDate" jdbcType="DATE" />
    <result column="draw_user_id" property="drawUserId" jdbcType="INTEGER" />
    <result column="draw_time" property="drawTime" jdbcType="TIMESTAMP" />
    <result column="draw_record" property="drawRecord" jdbcType="VARCHAR" />
    <result column="real_return_date" property="realReturnDate" jdbcType="DATE" />
    <result column="draw_status" property="drawStatus" jdbcType="TINYINT" />
    <result column="return_remark" property="returnRemark" jdbcType="VARCHAR" />
    <result column="use_record" property="useRecord" jdbcType="VARCHAR" />
    <result column="job_certify" property="jobCertify" jdbcType="BIT" />
  </resultMap>
  <sql id="Example_Where_Clause" >
    <where >
      <foreach collection="oredCriteria" item="criteria" separator="or" >
        <if test="criteria.valid" >
          <trim prefix="(" suffix=")" prefixOverrides="and" >
            <foreach collection="criteria.criteria" item="criterion" >
              <choose >
                <when test="criterion.noValue" >
                  and ${criterion.condition}
                </when>
                <when test="criterion.singleValue" >
                  and ${criterion.condition} #{criterion.value}
                </when>
                <when test="criterion.betweenValue" >
                  and ${criterion.condition} #{criterion.value} and #{criterion.secondValue}
                </when>
                <when test="criterion.listValue" >
                  and ${criterion.condition}
                  <foreach collection="criterion.value" item="listItem" open="(" close=")" separator="," >
                    #{listItem}
                  </foreach>
                </when>
              </choose>
            </foreach>
          </trim>
        </if>
      </foreach>
    </where>
  </sql>
  <sql id="Update_By_Example_Where_Clause" >
    <where >
      <foreach collection="example.oredCriteria" item="criteria" separator="or" >
        <if test="criteria.valid" >
          <trim prefix="(" suffix=")" prefixOverrides="and" >
            <foreach collection="criteria.criteria" item="criterion" >
              <choose >
                <when test="criterion.noValue" >
                  and ${criterion.condition}
                </when>
                <when test="criterion.singleValue" >
                  and ${criterion.condition} #{criterion.value}
                </when>
                <when test="criterion.betweenValue" >
                  and ${criterion.condition} #{criterion.value} and #{criterion.secondValue}
                </when>
                <when test="criterion.listValue" >
                  and ${criterion.condition}
                  <foreach collection="criterion.value" item="listItem" open="(" close=")" separator="," >
                    #{listItem}
                  </foreach>
                </when>
              </choose>
            </foreach>
          </trim>
        </if>
      </foreach>
    </where>
  </sql>
  <sql id="Base_Column_List" >
    id, cadre_id, type, apply_id, passport_id, apply_date, start_date, end_date, reason, 
    cost_source, need_sign, remark, use_type, create_time, ip, status, user_id, approve_remark, 
    approve_time, approve_ip, real_start_date, real_end_date, real_to_country, return_date, 
    draw_user_id, draw_time, draw_record, real_return_date, draw_status, return_remark, 
    use_record, job_certify
  </sql>
  <select id="selectByExample" resultMap="BaseResultMap" parameterType="domain.abroad.PassportDrawExample" >
    select
    <if test="distinct" >
      distinct
    </if>
    <include refid="Base_Column_List" />
    from abroad_passport_draw
    <if test="_parameter != null" >
      <include refid="Example_Where_Clause" />
    </if>
    <if test="orderByClause != null" >
      order by ${orderByClause}
    </if>
  </select>
  <select id="selectByPrimaryKey" resultMap="BaseResultMap" parameterType="java.lang.Integer" >
    select 
    <include refid="Base_Column_List" />
    from abroad_passport_draw
    where id = #{id,jdbcType=INTEGER}
  </select>
  <delete id="deleteByPrimaryKey" parameterType="java.lang.Integer" >
    delete from abroad_passport_draw
    where id = #{id,jdbcType=INTEGER}
  </delete>
  <delete id="deleteByExample" parameterType="domain.abroad.PassportDrawExample" >
    delete from abroad_passport_draw
    <if test="_parameter != null" >
      <include refid="Example_Where_Clause" />
    </if>
  </delete>
  <insert keyProperty="id" id="insert" parameterType="domain.abroad.PassportDraw" >
    insert into abroad_passport_draw (id, cadre_id, type, 
      apply_id, passport_id, apply_date, 
      start_date, end_date, reason, 
      cost_source, need_sign, remark, 
      use_type, create_time, ip, 
      status, user_id, approve_remark, 
      approve_time, approve_ip, real_start_date, 
      real_end_date, real_to_country, return_date, 
      draw_user_id, draw_time, draw_record, 
      real_return_date, draw_status, return_remark, 
      use_record, job_certify)
    values (#{id,jdbcType=INTEGER}, #{cadreId,jdbcType=INTEGER}, #{type,jdbcType=TINYINT}, 
      #{applyId,jdbcType=INTEGER}, #{passportId,jdbcType=INTEGER}, #{applyDate,jdbcType=DATE}, 
      #{startDate,jdbcType=DATE}, #{endDate,jdbcType=DATE}, #{reason,jdbcType=VARCHAR}, 
      #{costSource,jdbcType=VARCHAR}, #{needSign,jdbcType=BIT}, #{remark,jdbcType=VARCHAR}, 
      #{useType,jdbcType=TINYINT}, #{createTime,jdbcType=TIMESTAMP}, #{ip,jdbcType=VARCHAR}, 
      #{status,jdbcType=TINYINT}, #{userId,jdbcType=INTEGER}, #{approveRemark,jdbcType=VARCHAR}, 
      #{approveTime,jdbcType=TIMESTAMP}, #{approveIp,jdbcType=VARCHAR}, #{realStartDate,jdbcType=DATE}, 
      #{realEndDate,jdbcType=DATE}, #{realToCountry,jdbcType=VARCHAR}, #{returnDate,jdbcType=DATE}, 
      #{drawUserId,jdbcType=INTEGER}, #{drawTime,jdbcType=TIMESTAMP}, #{drawRecord,jdbcType=VARCHAR}, 
      #{realReturnDate,jdbcType=DATE}, #{drawStatus,jdbcType=TINYINT}, #{returnRemark,jdbcType=VARCHAR}, 
      #{useRecord,jdbcType=VARCHAR}, #{jobCertify,jdbcType=BIT})
  </insert>
  <insert keyProperty="id" id="insertSelective" parameterType="domain.abroad.PassportDraw" >
    insert into abroad_passport_draw
    <trim prefix="(" suffix=")" suffixOverrides="," >
      <if test="id != null" >
        id,
      </if>
      <if test="cadreId != null" >
        cadre_id,
      </if>
      <if test="type != null" >
        type,
      </if>
      <if test="applyId != null" >
        apply_id,
      </if>
      <if test="passportId != null" >
        passport_id,
      </if>
      <if test="applyDate != null" >
        apply_date,
      </if>
      <if test="startDate != null" >
        start_date,
      </if>
      <if test="endDate != null" >
        end_date,
      </if>
      <if test="reason != null" >
        reason,
      </if>
      <if test="costSource != null" >
        cost_source,
      </if>
      <if test="needSign != null" >
        need_sign,
      </if>
      <if test="remark != null" >
        remark,
      </if>
      <if test="useType != null" >
        use_type,
      </if>
      <if test="createTime != null" >
        create_time,
      </if>
      <if test="ip != null" >
        ip,
      </if>
      <if test="status != null" >
        status,
      </if>
      <if test="userId != null" >
        user_id,
      </if>
      <if test="approveRemark != null" >
        approve_remark,
      </if>
      <if test="approveTime != null" >
        approve_time,
      </if>
      <if test="approveIp != null" >
        approve_ip,
      </if>
      <if test="realStartDate != null" >
        real_start_date,
      </if>
      <if test="realEndDate != null" >
        real_end_date,
      </if>
      <if test="realToCountry != null" >
        real_to_country,
      </if>
      <if test="returnDate != null" >
        return_date,
      </if>
      <if test="drawUserId != null" >
        draw_user_id,
      </if>
      <if test="drawTime != null" >
        draw_time,
      </if>
      <if test="drawRecord != null" >
        draw_record,
      </if>
      <if test="realReturnDate != null" >
        real_return_date,
      </if>
      <if test="drawStatus != null" >
        draw_status,
      </if>
      <if test="returnRemark != null" >
        return_remark,
      </if>
      <if test="useRecord != null" >
        use_record,
      </if>
      <if test="jobCertify != null" >
        job_certify,
      </if>
    </trim>
    <trim prefix="values (" suffix=")" suffixOverrides="," >
      <if test="id != null" >
        #{id,jdbcType=INTEGER},
      </if>
      <if test="cadreId != null" >
        #{cadreId,jdbcType=INTEGER},
      </if>
      <if test="type != null" >
        #{type,jdbcType=TINYINT},
      </if>
      <if test="applyId != null" >
        #{applyId,jdbcType=INTEGER},
      </if>
      <if test="passportId != null" >
        #{passportId,jdbcType=INTEGER},
      </if>
      <if test="applyDate != null" >
        #{applyDate,jdbcType=DATE},
      </if>
      <if test="startDate != null" >
        #{startDate,jdbcType=DATE},
      </if>
      <if test="endDate != null" >
        #{endDate,jdbcType=DATE},
      </if>
      <if test="reason != null" >
        #{reason,jdbcType=VARCHAR},
      </if>
      <if test="costSource != null" >
        #{costSource,jdbcType=VARCHAR},
      </if>
      <if test="needSign != null" >
        #{needSign,jdbcType=BIT},
      </if>
      <if test="remark != null" >
        #{remark,jdbcType=VARCHAR},
      </if>
      <if test="useType != null" >
        #{useType,jdbcType=TINYINT},
      </if>
      <if test="createTime != null" >
        #{createTime,jdbcType=TIMESTAMP},
      </if>
      <if test="ip != null" >
        #{ip,jdbcType=VARCHAR},
      </if>
      <if test="status != null" >
        #{status,jdbcType=TINYINT},
      </if>
      <if test="userId != null" >
        #{userId,jdbcType=INTEGER},
      </if>
      <if test="approveRemark != null" >
        #{approveRemark,jdbcType=VARCHAR},
      </if>
      <if test="approveTime != null" >
        #{approveTime,jdbcType=TIMESTAMP},
      </if>
      <if test="approveIp != null" >
        #{approveIp,jdbcType=VARCHAR},
      </if>
      <if test="realStartDate != null" >
        #{realStartDate,jdbcType=DATE},
      </if>
      <if test="realEndDate != null" >
        #{realEndDate,jdbcType=DATE},
      </if>
      <if test="realToCountry != null" >
        #{realToCountry,jdbcType=VARCHAR},
      </if>
      <if test="returnDate != null" >
        #{returnDate,jdbcType=DATE},
      </if>
      <if test="drawUserId != null" >
        #{drawUserId,jdbcType=INTEGER},
      </if>
      <if test="drawTime != null" >
        #{drawTime,jdbcType=TIMESTAMP},
      </if>
      <if test="drawRecord != null" >
        #{drawRecord,jdbcType=VARCHAR},
      </if>
      <if test="realReturnDate != null" >
        #{realReturnDate,jdbcType=DATE},
      </if>
      <if test="drawStatus != null" >
        #{drawStatus,jdbcType=TINYINT},
      </if>
      <if test="returnRemark != null" >
        #{returnRemark,jdbcType=VARCHAR},
      </if>
      <if test="useRecord != null" >
        #{useRecord,jdbcType=VARCHAR},
      </if>
      <if test="jobCertify != null" >
        #{jobCertify,jdbcType=BIT},
      </if>
    </trim>
  </insert>
  <select id="countByExample" parameterType="domain.abroad.PassportDrawExample" resultType="java.lang.Integer" >
    select count(*) from abroad_passport_draw
    <if test="_parameter != null" >
      <include refid="Example_Where_Clause" />
    </if>
  </select>
  <update id="updateByExampleSelective" parameterType="map" >
    update abroad_passport_draw
    <set >
      <if test="record.id != null" >
        id = #{record.id,jdbcType=INTEGER},
      </if>
      <if test="record.cadreId != null" >
        cadre_id = #{record.cadreId,jdbcType=INTEGER},
      </if>
      <if test="record.type != null" >
        type = #{record.type,jdbcType=TINYINT},
      </if>
      <if test="record.applyId != null" >
        apply_id = #{record.applyId,jdbcType=INTEGER},
      </if>
      <if test="record.passportId != null" >
        passport_id = #{record.passportId,jdbcType=INTEGER},
      </if>
      <if test="record.applyDate != null" >
        apply_date = #{record.applyDate,jdbcType=DATE},
      </if>
      <if test="record.startDate != null" >
        start_date = #{record.startDate,jdbcType=DATE},
      </if>
      <if test="record.endDate != null" >
        end_date = #{record.endDate,jdbcType=DATE},
      </if>
      <if test="record.reason != null" >
        reason = #{record.reason,jdbcType=VARCHAR},
      </if>
      <if test="record.costSource != null" >
        cost_source = #{record.costSource,jdbcType=VARCHAR},
      </if>
      <if test="record.needSign != null" >
        need_sign = #{record.needSign,jdbcType=BIT},
      </if>
      <if test="record.remark != null" >
        remark = #{record.remark,jdbcType=VARCHAR},
      </if>
      <if test="record.useType != null" >
        use_type = #{record.useType,jdbcType=TINYINT},
      </if>
      <if test="record.createTime != null" >
        create_time = #{record.createTime,jdbcType=TIMESTAMP},
      </if>
      <if test="record.ip != null" >
        ip = #{record.ip,jdbcType=VARCHAR},
      </if>
      <if test="record.status != null" >
        status = #{record.status,jdbcType=TINYINT},
      </if>
      <if test="record.userId != null" >
        user_id = #{record.userId,jdbcType=INTEGER},
      </if>
      <if test="record.approveRemark != null" >
        approve_remark = #{record.approveRemark,jdbcType=VARCHAR},
      </if>
      <if test="record.approveTime != null" >
        approve_time = #{record.approveTime,jdbcType=TIMESTAMP},
      </if>
      <if test="record.approveIp != null" >
        approve_ip = #{record.approveIp,jdbcType=VARCHAR},
      </if>
      <if test="record.realStartDate != null" >
        real_start_date = #{record.realStartDate,jdbcType=DATE},
      </if>
      <if test="record.realEndDate != null" >
        real_end_date = #{record.realEndDate,jdbcType=DATE},
      </if>
      <if test="record.realToCountry != null" >
        real_to_country = #{record.realToCountry,jdbcType=VARCHAR},
      </if>
      <if test="record.returnDate != null" >
        return_date = #{record.returnDate,jdbcType=DATE},
      </if>
      <if test="record.drawUserId != null" >
        draw_user_id = #{record.drawUserId,jdbcType=INTEGER},
      </if>
      <if test="record.drawTime != null" >
        draw_time = #{record.drawTime,jdbcType=TIMESTAMP},
      </if>
      <if test="record.drawRecord != null" >
        draw_record = #{record.drawRecord,jdbcType=VARCHAR},
      </if>
      <if test="record.realReturnDate != null" >
        real_return_date = #{record.realReturnDate,jdbcType=DATE},
      </if>
      <if test="record.drawStatus != null" >
        draw_status = #{record.drawStatus,jdbcType=TINYINT},
      </if>
      <if test="record.returnRemark != null" >
        return_remark = #{record.returnRemark,jdbcType=VARCHAR},
      </if>
      <if test="record.useRecord != null" >
        use_record = #{record.useRecord,jdbcType=VARCHAR},
      </if>
      <if test="record.jobCertify != null" >
        job_certify = #{record.jobCertify,jdbcType=BIT},
      </if>
    </set>
    <if test="_parameter != null" >
      <include refid="Update_By_Example_Where_Clause" />
    </if>
  </update>
  <update id="updateByExample" parameterType="map" >
    update abroad_passport_draw
    set id = #{record.id,jdbcType=INTEGER},
      cadre_id = #{record.cadreId,jdbcType=INTEGER},
      type = #{record.type,jdbcType=TINYINT},
      apply_id = #{record.applyId,jdbcType=INTEGER},
      passport_id = #{record.passportId,jdbcType=INTEGER},
      apply_date = #{record.applyDate,jdbcType=DATE},
      start_date = #{record.startDate,jdbcType=DATE},
      end_date = #{record.endDate,jdbcType=DATE},
      reason = #{record.reason,jdbcType=VARCHAR},
      cost_source = #{record.costSource,jdbcType=VARCHAR},
      need_sign = #{record.needSign,jdbcType=BIT},
      remark = #{record.remark,jdbcType=VARCHAR},
      use_type = #{record.useType,jdbcType=TINYINT},
      create_time = #{record.createTime,jdbcType=TIMESTAMP},
      ip = #{record.ip,jdbcType=VARCHAR},
      status = #{record.status,jdbcType=TINYINT},
      user_id = #{record.userId,jdbcType=INTEGER},
      approve_remark = #{record.approveRemark,jdbcType=VARCHAR},
      approve_time = #{record.approveTime,jdbcType=TIMESTAMP},
      approve_ip = #{record.approveIp,jdbcType=VARCHAR},
      real_start_date = #{record.realStartDate,jdbcType=DATE},
      real_end_date = #{record.realEndDate,jdbcType=DATE},
      real_to_country = #{record.realToCountry,jdbcType=VARCHAR},
      return_date = #{record.returnDate,jdbcType=DATE},
      draw_user_id = #{record.drawUserId,jdbcType=INTEGER},
      draw_time = #{record.drawTime,jdbcType=TIMESTAMP},
      draw_record = #{record.drawRecord,jdbcType=VARCHAR},
      real_return_date = #{record.realReturnDate,jdbcType=DATE},
      draw_status = #{record.drawStatus,jdbcType=TINYINT},
      return_remark = #{record.returnRemark,jdbcType=VARCHAR},
      use_record = #{record.useRecord,jdbcType=VARCHAR},
      job_certify = #{record.jobCertify,jdbcType=BIT}
    <if test="_parameter != null" >
      <include refid="Update_By_Example_Where_Clause" />
    </if>
  </update>
  <update id="updateByPrimaryKeySelective" parameterType="domain.abroad.PassportDraw" >
    update abroad_passport_draw
    <set >
      <if test="cadreId != null" >
        cadre_id = #{cadreId,jdbcType=INTEGER},
      </if>
      <if test="type != null" >
        type = #{type,jdbcType=TINYINT},
      </if>
      <if test="applyId != null" >
        apply_id = #{applyId,jdbcType=INTEGER},
      </if>
      <if test="passportId != null" >
        passport_id = #{passportId,jdbcType=INTEGER},
      </if>
      <if test="applyDate != null" >
        apply_date = #{applyDate,jdbcType=DATE},
      </if>
      <if test="startDate != null" >
        start_date = #{startDate,jdbcType=DATE},
      </if>
      <if test="endDate != null" >
        end_date = #{endDate,jdbcType=DATE},
      </if>
      <if test="reason != null" >
        reason = #{reason,jdbcType=VARCHAR},
      </if>
      <if test="costSource != null" >
        cost_source = #{costSource,jdbcType=VARCHAR},
      </if>
      <if test="needSign != null" >
        need_sign = #{needSign,jdbcType=BIT},
      </if>
      <if test="remark != null" >
        remark = #{remark,jdbcType=VARCHAR},
      </if>
      <if test="useType != null" >
        use_type = #{useType,jdbcType=TINYINT},
      </if>
      <if test="createTime != null" >
        create_time = #{createTime,jdbcType=TIMESTAMP},
      </if>
      <if test="ip != null" >
        ip = #{ip,jdbcType=VARCHAR},
      </if>
      <if test="status != null" >
        status = #{status,jdbcType=TINYINT},
      </if>
      <if test="userId != null" >
        user_id = #{userId,jdbcType=INTEGER},
      </if>
      <if test="approveRemark != null" >
        approve_remark = #{approveRemark,jdbcType=VARCHAR},
      </if>
      <if test="approveTime != null" >
        approve_time = #{approveTime,jdbcType=TIMESTAMP},
      </if>
      <if test="approveIp != null" >
        approve_ip = #{approveIp,jdbcType=VARCHAR},
      </if>
      <if test="realStartDate != null" >
        real_start_date = #{realStartDate,jdbcType=DATE},
      </if>
      <if test="realEndDate != null" >
        real_end_date = #{realEndDate,jdbcType=DATE},
      </if>
      <if test="realToCountry != null" >
        real_to_country = #{realToCountry,jdbcType=VARCHAR},
      </if>
      <if test="returnDate != null" >
        return_date = #{returnDate,jdbcType=DATE},
      </if>
      <if test="drawUserId != null" >
        draw_user_id = #{drawUserId,jdbcType=INTEGER},
      </if>
      <if test="drawTime != null" >
        draw_time = #{drawTime,jdbcType=TIMESTAMP},
      </if>
      <if test="drawRecord != null" >
        draw_record = #{drawRecord,jdbcType=VARCHAR},
      </if>
      <if test="realReturnDate != null" >
        real_return_date = #{realReturnDate,jdbcType=DATE},
      </if>
      <if test="drawStatus != null" >
        draw_status = #{drawStatus,jdbcType=TINYINT},
      </if>
      <if test="returnRemark != null" >
        return_remark = #{returnRemark,jdbcType=VARCHAR},
      </if>
      <if test="useRecord != null" >
        use_record = #{useRecord,jdbcType=VARCHAR},
      </if>
      <if test="jobCertify != null" >
        job_certify = #{jobCertify,jdbcType=BIT},
      </if>
    </set>
    where id = #{id,jdbcType=INTEGER}
  </update>
  <update id="updateByPrimaryKey" parameterType="domain.abroad.PassportDraw" >
    update abroad_passport_draw
    set cadre_id = #{cadreId,jdbcType=INTEGER},
      type = #{type,jdbcType=TINYINT},
      apply_id = #{applyId,jdbcType=INTEGER},
      passport_id = #{passportId,jdbcType=INTEGER},
      apply_date = #{applyDate,jdbcType=DATE},
      start_date = #{startDate,jdbcType=DATE},
      end_date = #{endDate,jdbcType=DATE},
      reason = #{reason,jdbcType=VARCHAR},
      cost_source = #{costSource,jdbcType=VARCHAR},
      need_sign = #{needSign,jdbcType=BIT},
      remark = #{remark,jdbcType=VARCHAR},
      use_type = #{useType,jdbcType=TINYINT},
      create_time = #{createTime,jdbcType=TIMESTAMP},
      ip = #{ip,jdbcType=VARCHAR},
      status = #{status,jdbcType=TINYINT},
      user_id = #{userId,jdbcType=INTEGER},
      approve_remark = #{approveRemark,jdbcType=VARCHAR},
      approve_time = #{approveTime,jdbcType=TIMESTAMP},
      approve_ip = #{approveIp,jdbcType=VARCHAR},
      real_start_date = #{realStartDate,jdbcType=DATE},
      real_end_date = #{realEndDate,jdbcType=DATE},
      real_to_country = #{realToCountry,jdbcType=VARCHAR},
      return_date = #{returnDate,jdbcType=DATE},
      draw_user_id = #{drawUserId,jdbcType=INTEGER},
      draw_time = #{drawTime,jdbcType=TIMESTAMP},
      draw_record = #{drawRecord,jdbcType=VARCHAR},
      real_return_date = #{realReturnDate,jdbcType=DATE},
      draw_status = #{drawStatus,jdbcType=TINYINT},
      return_remark = #{returnRemark,jdbcType=VARCHAR},
      use_record = #{useRecord,jdbcType=VARCHAR},
      job_certify = #{jobCertify,jdbcType=BIT}
    where id = #{id,jdbcType=INTEGER}
  </update>
  <select resultMap="BaseResultMap" parameterType="domain.abroad.PassportDrawExample" id="selectByExampleWithRowbounds" >
    select
    <if test="distinct" >
      distinct
    </if>
    <include refid="Base_Column_List" />
    from abroad_passport_draw
    <if test="_parameter != null" >
      <include refid="Example_Where_Clause" />
    </if>
    <if test="orderByClause != null" >
      order by ${orderByClause}
    </if>
  </select>
</mapper>