<?xml version="1.0" encoding="UTF-8" ?>
<!DOCTYPE mapper PUBLIC "-//mybatis.org//DTD Mapper 3.0//EN" "http://mybatis.org/dtd/mybatis-3-mapper.dtd" >
<mapper namespace="persistence.abroad.SafeBoxMapper" >
  <resultMap id="BaseResultMap" type="domain.abroad.SafeBox" >
    <id column="id" property="id" jdbcType="INTEGER" />
    <result column="code" property="code" jdbcType="VARCHAR" />
    <result column="remark" property="remark" jdbcType="VARCHAR" />
    <result column="sort_order" property="sortOrder" jdbcType="INTEGER" />
  </resultMap>
  <sql id="Example_Where_Clause" >
    <where >
      <foreach collection="oredCriteria" item="criteria" separator="or" >
        <if test="criteria.valid" >
          <trim prefix="(" suffix=")" prefixOverrides="and" >
            <foreach collection="criteria.criteria" item="criterion" >
              <choose >
                <when test="criterion.noValue" >
                  and ${criterion.condition}
                </when>
                <when test="criterion.singleValue" >
                  and ${criterion.condition} #{criterion.value}
                </when>
                <when test="criterion.betweenValue" >
                  and ${criterion.condition} #{criterion.value} and #{criterion.secondValue}
                </when>
                <when test="criterion.listValue" >
                  and ${criterion.condition}
                  <foreach collection="criterion.value" item="listItem" open="(" close=")" separator="," >
                    #{listItem}
                  </foreach>
                </when>
              </choose>
            </foreach>
          </trim>
        </if>
      </foreach>
    </where>
  </sql>
  <sql id="Update_By_Example_Where_Clause" >
    <where >
      <foreach collection="example.oredCriteria" item="criteria" separator="or" >
        <if test="criteria.valid" >
          <trim prefix="(" suffix=")" prefixOverrides="and" >
            <foreach collection="criteria.criteria" item="criterion" >
              <choose >
                <when test="criterion.noValue" >
                  and ${criterion.condition}
                </when>
                <when test="criterion.singleValue" >
                  and ${criterion.condition} #{criterion.value}
                </when>
                <when test="criterion.betweenValue" >
                  and ${criterion.condition} #{criterion.value} and #{criterion.secondValue}
                </when>
                <when test="criterion.listValue" >
                  and ${criterion.condition}
                  <foreach collection="criterion.value" item="listItem" open="(" close=")" separator="," >
                    #{listItem}
                  </foreach>
                </when>
              </choose>
            </foreach>
          </trim>
        </if>
      </foreach>
    </where>
  </sql>
  <sql id="Base_Column_List" >
    id, code, remark, sort_order
  </sql>
  <select id="selectByExample" resultMap="BaseResultMap" parameterType="domain.abroad.SafeBoxExample" >
    select
    <if test="distinct" >
      distinct
    </if>
    <include refid="Base_Column_List" />
    from abroad_safe_box
    <if test="_parameter != null" >
      <include refid="Example_Where_Clause" />
    </if>
    <if test="orderByClause != null" >
      order by ${orderByClause}
    </if>
  </select>
  <select id="selectByPrimaryKey" resultMap="BaseResultMap" parameterType="java.lang.Integer" >
    select 
    <include refid="Base_Column_List" />
    from abroad_safe_box
    where id = #{id,jdbcType=INTEGER}
  </select>
  <delete id="deleteByPrimaryKey" parameterType="java.lang.Integer" >
    delete from abroad_safe_box
    where id = #{id,jdbcType=INTEGER}
  </delete>
  <delete id="deleteByExample" parameterType="domain.abroad.SafeBoxExample" >
    delete from abroad_safe_box
    <if test="_parameter != null" >
      <include refid="Example_Where_Clause" />
    </if>
  </delete>
  <insert keyProperty="id" id="insert" parameterType="domain.abroad.SafeBox" >
    insert into abroad_safe_box (id, code, remark, 
      sort_order)
    values (#{id,jdbcType=INTEGER}, #{code,jdbcType=VARCHAR}, #{remark,jdbcType=VARCHAR}, 
      #{sortOrder,jdbcType=INTEGER})
  </insert>
  <insert keyProperty="id" id="insertSelective" parameterType="domain.abroad.SafeBox" >
    insert into abroad_safe_box
    <trim prefix="(" suffix=")" suffixOverrides="," >
      <if test="id != null" >
        id,
      </if>
      <if test="code != null" >
        code,
      </if>
      <if test="remark != null" >
        remark,
      </if>
      <if test="sortOrder != null" >
        sort_order,
      </if>
    </trim>
    <trim prefix="values (" suffix=")" suffixOverrides="," >
      <if test="id != null" >
        #{id,jdbcType=INTEGER},
      </if>
      <if test="code != null" >
        #{code,jdbcType=VARCHAR},
      </if>
      <if test="remark != null" >
        #{remark,jdbcType=VARCHAR},
      </if>
      <if test="sortOrder != null" >
        #{sortOrder,jdbcType=INTEGER},
      </if>
    </trim>
  </insert>
  <select id="countByExample" parameterType="domain.abroad.SafeBoxExample" resultType="java.lang.Integer" >
    select count(*) from abroad_safe_box
    <if test="_parameter != null" >
      <include refid="Example_Where_Clause" />
    </if>
  </select>
  <update id="updateByExampleSelective" parameterType="map" >
    update abroad_safe_box
    <set >
      <if test="record.id != null" >
        id = #{record.id,jdbcType=INTEGER},
      </if>
      <if test="record.code != null" >
        code = #{record.code,jdbcType=VARCHAR},
      </if>
      <if test="record.remark != null" >
        remark = #{record.remark,jdbcType=VARCHAR},
      </if>
      <if test="record.sortOrder != null" >
        sort_order = #{record.sortOrder,jdbcType=INTEGER},
      </if>
    </set>
    <if test="_parameter != null" >
      <include refid="Update_By_Example_Where_Clause" />
    </if>
  </update>
  <update id="updateByExample" parameterType="map" >
    update abroad_safe_box
    set id = #{record.id,jdbcType=INTEGER},
      code = #{record.code,jdbcType=VARCHAR},
      remark = #{record.remark,jdbcType=VARCHAR},
      sort_order = #{record.sortOrder,jdbcType=INTEGER}
    <if test="_parameter != null" >
      <include refid="Update_By_Example_Where_Clause" />
    </if>
  </update>
  <update id="updateByPrimaryKeySelective" parameterType="domain.abroad.SafeBox" >
    update abroad_safe_box
    <set >
      <if test="code != null" >
        code = #{code,jdbcType=VARCHAR},
      </if>
      <if test="remark != null" >
        remark = #{remark,jdbcType=VARCHAR},
      </if>
      <if test="sortOrder != null" >
        sort_order = #{sortOrder,jdbcType=INTEGER},
      </if>
    </set>
    where id = #{id,jdbcType=INTEGER}
  </update>
  <update id="updateByPrimaryKey" parameterType="domain.abroad.SafeBox" >
    update abroad_safe_box
    set code = #{code,jdbcType=VARCHAR},
      remark = #{remark,jdbcType=VARCHAR},
      sort_order = #{sortOrder,jdbcType=INTEGER}
    where id = #{id,jdbcType=INTEGER}
  </update>
  <select resultMap="BaseResultMap" parameterType="domain.abroad.SafeBoxExample" id="selectByExampleWithRowbounds" >
    select
    <if test="distinct" >
      distinct
    </if>
    <include refid="Base_Column_List" />
    from abroad_safe_box
    <if test="_parameter != null" >
      <include refid="Example_Where_Clause" />
    </if>
    <if test="orderByClause != null" >
      order by ${orderByClause}
    </if>
  </select>
</mapper>